date,water_level,amount_rain
1/1/2010,156,0
1/2/2010,153,0
1/3/2010,149,0
1/4/2010,147,0
1/5/2010,145,0
1/6/2010,142,0
1/7/2010,138,0
1/8/2010,135,0
1/9/2010,134,2.5
1/10/2010,133,0
1/11/2010,134,0
1/12/2010,134,20.9
1/13/2010,154,23.6
1/14/2010,169,7.8
1/15/2010,164,7.2
1/16/2010,157,10.4
1/17/2010,150,19.1
1/18/2010,159,10.2
1/19/2010,156,44.1
1/20/2010,211,119.5
1/21/2010,272,2.7
1/22/2010,208,0.1
1/23/2010,182,1.2
1/24/2010,176,2
1/25/2010,170,0
1/26/2010,157,1.5
1/27/2010,157,0
1/28/2010,153,0
1/29/2010,145,0
1/30/2010,142,0
1/31/2010,138,0
2/1/2010,133,0
2/2/2010,129,0
2/3/2010,125,0
2/4/2010,124,0
2/5/2010,123,0
2/6/2010,121,0
2/7/2010,119,0
2/8/2010,116,0
2/9/2010,113,0
2/10/2010,111,0
2/11/2010,109,0
2/12/2010,107,0
2/13/2010,106,0
2/14/2010,105,0
2/15/2010,104,0
2/16/2010,103,0
2/17/2010,101,1.1
2/18/2010,100,0.2
2/19/2010,99,0
2/20/2010,100,0
2/21/2010,98,0
2/22/2010,96,1.5
2/23/2010,94,0.2
2/24/2010,93,0
2/25/2010,93,0
2/26/2010,90,0
2/27/2010,87,0
2/28/2010,86,0
3/1/2010,84,0
3/2/2010,82,0
3/3/2010,80,0
3/4/2010,79,0
3/5/2010,77,0
3/6/2010,75,0
3/7/2010,75,0
3/8/2010,74,0
3/9/2010,73,0.4
3/10/2010,72,0
3/11/2010,78,0.2
3/12/2010,76,0
3/13/2010,75,0
3/14/2010,73,0
3/15/2010,71,0
3/16/2010,69,0
3/17/2010,68,7.3
3/18/2010,68,0.1
3/19/2010,74,0
3/20/2010,74,0
3/21/2010,69,0
3/22/2010,68,0
3/23/2010,67,0
3/24/2010,66,0
3/25/2010,64,10.4
3/26/2010,64,3.3
3/27/2010,67,1.9
3/28/2010,81,23
3/29/2010,98,33.6
3/30/2010,117,0
3/31/2010,111,0
4/1/2010,96,0
4/2/2010,89,0
4/3/2010,85,0
4/4/2010,83,0
4/5/2010,81,0
4/6/2010,79,0
4/7/2010,75,0
4/8/2010,74,0
4/9/2010,78,0
4/10/2010,83,0
4/11/2010,78,0
4/12/2010,74,0
4/13/2010,72,0
4/14/2010,71,0
4/15/2010,74,0
4/16/2010,104,0.5
4/17/2010,103,6.3
4/18/2010,101,0.1
4/19/2010,100,0.2
4/20/2010,101,0.3
4/21/2010,111,0
4/22/2010,115,0
4/23/2010,111,0
4/24/2010,107,0.7
4/25/2010,103,0.1
4/26/2010,102,0
4/27/2010,98,0
4/28/2010,87,0.6
4/29/2010,83,20.7
4/30/2010,119,0.1
5/1/2010,131,0.3
5/2/2010,113,1.4
5/3/2010,111,0.2
5/4/2010,124,0
5/5/2010,111,0
5/6/2010,112,0
5/7/2010,109,0
5/8/2010,111,0
5/9/2010,106,0
5/10/2010,109,0
5/11/2010,108,0
5/12/2010,122,0
5/13/2010,99,0
5/14/2010,73,0
5/15/2010,62,0
5/16/2010,57,0
5/17/2010,56,0
5/18/2010,55,0
5/19/2010,55,0
5/20/2010,55,0
5/21/2010,56,2
5/22/2010,56,0
5/23/2010,56,0
5/24/2010,57,3.8
5/25/2010,60,0
5/26/2010,61,0
5/27/2010,59,0
5/28/2010,61,0
5/29/2010,57,0
5/30/2010,54,0
5/31/2010,54,0.7
6/1/2010,54,0.1
6/2/2010,54,0
6/3/2010,60,25.2
6/4/2010,65,0.9
6/5/2010,65,16.3
6/6/2010,131,46
6/7/2010,135,2.8
6/8/2010,117,0.2
6/9/2010,96,2
6/10/2010,99,25.1
6/11/2010,77,0.1
6/12/2010,64,0
6/13/2010,60,12.5
6/14/2010,89,21.9
6/15/2010,95,0
6/16/2010,99,7.7
6/17/2010,75,23.7
6/18/2010,60,0
6/19/2010,59,0
6/20/2010,58,0
6/21/2010,57,0.7
6/22/2010,63,0
6/23/2010,63,0
6/24/2010,61,0
6/25/2010,61,0
6/26/2010,61,25.5
6/27/2010,60,3.7
6/28/2010,60,2.8
6/29/2010,60,4.9
6/30/2010,92,0
7/1/2010,86,2.4
7/2/2010,113,0
7/3/2010,104,0
7/4/2010,75,0
7/5/2010,67,0
7/6/2010,63,0
7/7/2010,61,13.8
7/8/2010,60,0
7/9/2010,59,0
7/10/2010,59,22
7/11/2010,64,0.8
7/12/2010,63,12.8
7/13/2010,63,38
7/14/2010,64,0
7/15/2010,69,0
7/16/2010,95,16
7/17/2010,99,0.2
7/18/2010,90,0
7/19/2010,81,0
7/20/2010,72,0
7/21/2010,69,0
7/22/2010,69,0
7/23/2010,70,0.7
7/24/2010,70,0.2
7/25/2010,109,3
7/26/2010,133,122.9
7/27/2010,258,0.1
7/28/2010,185,0.2
7/29/2010,151,3.9
7/30/2010,162,0
7/31/2010,143,0
8/1/2010,154,27.9
8/2/2010,158,8.9
8/3/2010,131,0.2
8/4/2010,120,0
8/5/2010,111,18.1
8/6/2010,159,3.4
8/7/2010,148,0
8/8/2010,148,0
8/9/2010,147,1.6
8/10/2010,136,1.7
8/11/2010,140,37.5
8/12/2010,145,3
8/13/2010,152,9.8
8/14/2010,207,0.1
8/15/2010,216,0.2
8/16/2010,182,9.4
8/17/2010,168,0
8/18/2010,187,0
8/19/2010,163,4.9
8/20/2010,220,40.3
8/21/2010,244,5.2
8/22/2010,184,0.1
8/23/2010,171,49.8
8/24/2010,214,0.2
8/25/2010,188,0
8/26/2010,165,0.1
8/27/2010,159,26.8
8/28/2010,162,9.7
8/29/2010,184,0
8/30/2010,170,16.7
8/31/2010,154,9.9
9/1/2010,173,10.1
9/2/2010,208,23.9
9/3/2010,190,0.6
9/4/2010,181,2.7
9/5/2010,174,3.6
9/6/2010,165,0
9/7/2010,155,2.8
9/8/2010,163,0.1
9/9/2010,158,0
9/10/2010,152,0
9/11/2010,151,0.2
9/12/2010,151,19
9/13/2010,173,37.3
9/14/2010,172,0.1
9/15/2010,160,8.8
9/16/2010,165,7.4
9/17/2010,160,5.6
9/18/2010,156,1.9
9/19/2010,155,3.8
9/20/2010,173,18.8
9/21/2010,170,15.9
9/22/2010,160,5.5
9/23/2010,159,0.2
9/24/2010,158,0
9/25/2010,150,0
9/26/2010,144,5.8
9/27/2010,142,0.3
9/28/2010,143,5.2
9/29/2010,138,34.9
9/30/2010,151,44.5
10/1/2010,228,28.8
10/2/2010,220,125.5
10/3/2010,254,1.4
10/4/2010,224,0.5
10/5/2010,193,32
10/6/2010,182,31.7
10/7/2010,184,22.7
10/8/2010,205,19.3
10/9/2010,205,0
10/10/2010,181,0
10/11/2010,169,4.5
10/12/2010,170,34.9
10/13/2010,243,12.7
10/14/2010,235,29
10/15/2010,278,51.5
10/16/2010,286,2.2
10/17/2010,234,0
10/18/2010,232,0.5
10/19/2010,257,26.4
10/20/2010,233,0
10/21/2010,209,0
10/22/2010,197,0
10/23/2010,187,0
10/24/2010,184,0
10/25/2010,178,0
10/26/2010,174,6.3
10/27/2010,181,104
10/28/2010,276,12.4
10/29/2010,240,3.7
10/30/2010,223,22.4
10/31/2010,262,7
11/1/2010,245,51
11/2/2010,371,103.6
11/3/2010,362,33.3
11/4/2010,332,66.2
11/5/2010,334,30.2
11/6/2010,336,143
11/7/2010,377,31.8
11/8/2010,355,83.2
11/9/2010,362,61.4
11/10/2010,360,76.3
11/11/2010,347,42
11/12/2010,353,29.5
11/13/2010,329,33.5
11/14/2010,503,166.7
11/15/2010,461,154.9
11/16/2010,569,198
11/17/2010,603,157.1
11/18/2010,462,17
11/19/2010,401,14
11/20/2010,357,0.2
11/21/2010,325,0
11/22/2010,305,0
11/23/2010,289,0
11/24/2010,275,0
11/25/2010,263,0.8
11/26/2010,253,0.1
11/27/2010,246,1.3
11/28/2010,242,82.5
11/29/2010,281,130
11/30/2010,302,68.4
12/1/2010,275,0.4
12/2/2010,252,0
12/3/2010,241,4.2
12/4/2010,235,13.1
12/5/2010,237,38.1
12/6/2010,262,7.5
12/7/2010,252,2.2
12/8/2010,242,1.8
12/9/2010,235,0
12/10/2010,227,0
12/11/2010,219,0
12/12/2010,211,0
12/13/2010,204,0
12/14/2010,196,14
12/15/2010,197,0
12/16/2010,186,10.3
12/17/2010,188,0
12/18/2010,181,0
12/19/2010,175,0
12/20/2010,171,0
12/21/2010,168,0.1
12/22/2010,163,0
12/23/2010,157,2.1
12/24/2010,156,0.1
12/25/2010,153,0
12/26/2010,153,8.3
12/27/2010,165,4.2
12/28/2010,168,0.4
12/29/2010,156,0
12/30/2010,150,0.7
12/31/2010,145,0.2
1/1/2011,141,0.2
1/2/2011,138,0
1/3/2011,135,0
1/4/2011,131,2.1
1/5/2011,132,0.2
1/6/2011,133,0
1/7/2011,139,29
1/8/2011,183,26.1
1/9/2011,198,5.1
1/10/2011,180,0.2
1/11/2011,176,0
1/12/2011,160,0
1/13/2011,145,0
1/14/2011,140,0
1/15/2011,134,12
1/16/2011,139,13.2
1/17/2011,140,3
1/18/2011,134,0.8
1/19/2011,130,0.3
1/20/2011,127,0
1/21/2011,125,0
1/22/2011,123,0
1/23/2011,121,0
1/24/2011,121,0
1/25/2011,135,0
1/26/2011,140,0
1/27/2011,144,4
1/28/2011,178,3.6
1/29/2011,182,6.8
1/30/2011,190,10.8
1/31/2011,181,42.5
2/1/2011,198,0
2/2/2011,191,0
2/3/2011,174,0
2/4/2011,164,0
2/5/2011,154,0
2/6/2011,147,0
2/7/2011,141,0
2/8/2011,136,0
2/9/2011,132,0
2/10/2011,126,0
2/11/2011,122,0
2/12/2011,120,1
2/13/2011,123,1.2
2/14/2011,125,5.4
2/15/2011,133,0
2/16/2011,126,0
2/17/2011,120,0
2/18/2011,113,0
2/19/2011,108,0
2/20/2011,104,0
2/21/2011,104,0.8
2/22/2011,106,0
2/23/2011,101,0
2/24/2011,99,0
2/25/2011,98,0
2/26/2011,97,0
2/27/2011,96,0
2/28/2011,94,0
3/1/2011,93,0
3/2/2011,90,0
3/3/2011,87,0
3/4/2011,88,0.7
3/5/2011,90,2.1
3/6/2011,96,0
3/7/2011,93,0
3/8/2011,90,0.4
3/9/2011,88,0
3/10/2011,86,0
3/11/2011,84,0
3/12/2011,85,0
3/13/2011,86,0
3/14/2011,86,0
3/15/2011,83,0
3/16/2011,77,6.8
3/17/2011,83,0.3
3/18/2011,98,0.3
3/19/2011,95,0
3/20/2011,89,0
3/21/2011,84,0
3/22/2011,82,0.7
3/23/2011,86,32.8
3/24/2011,145,2.9
3/25/2011,165,11.6
3/26/2011,190,3.5
3/27/2011,171,1.3
3/28/2011,161,0.8
3/29/2011,159,1.4
3/30/2011,157,0.8
3/31/2011,147,0
4/1/2011,135,0.2
4/2/2011,126,0
4/3/2011,119,0
4/4/2011,113,0
4/5/2011,108,0
4/6/2011,102,0
4/7/2011,97,0
4/8/2011,93,0
4/9/2011,92,0
4/10/2011,95,2.5
4/11/2011,92,0
4/12/2011,90,0
4/13/2011,88,0
4/14/2011,86,0
4/15/2011,84,0
4/16/2011,84,0
4/17/2011,91,0
4/18/2011,95,6.3
4/19/2011,127,0
4/20/2011,127,0
4/21/2011,113,2.3
4/22/2011,118,0
4/23/2011,118,0
4/24/2011,120,0
4/25/2011,119,0
4/26/2011,117,0
4/27/2011,114,0
4/28/2011,112,0
4/29/2011,110,8
4/30/2011,106,0
5/1/2011,103,0
5/2/2011,101,0
5/3/2011,99,0
5/4/2011,100,0
5/5/2011,99,0
5/6/2011,98,0
5/7/2011,100,0
5/8/2011,111,0
5/9/2011,119,0
5/10/2011,114,0
5/11/2011,100,0
5/12/2011,95,0
5/13/2011,95,12.8
5/14/2011,100,0
5/15/2011,111,0
5/16/2011,133,0
5/17/2011,130,0
5/18/2011,150,10.8
5/19/2011,166,0
5/20/2011,117,1.8
5/21/2011,107,0
5/22/2011,100,0
5/23/2011,95,0
5/24/2011,90,0
5/25/2011,108,0
5/26/2011,123,0
5/27/2011,130,0
5/28/2011,122,0
5/29/2011,102,0
5/30/2011,94,0
5/31/2011,95,0
6/1/2011,148,0
6/2/2011,132,0
6/3/2011,106,14.5
6/4/2011,103,0
6/5/2011,105,0
6/6/2011,109,0
6/7/2011,116,0
6/8/2011,137,0
6/9/2011,130,0
6/10/2011,127,0
6/11/2011,147,0
6/12/2011,153,0
6/13/2011,152,0
6/14/2011,132,0
6/15/2011,145,9.6
6/16/2011,128,0
6/17/2011,113,0
6/18/2011,130,1.6
6/19/2011,139,0.8
6/20/2011,123,17.2
6/21/2011,126,1.9
6/22/2011,122,0
6/23/2011,109,0
6/24/2011,103,0
6/25/2011,98,0
6/26/2011,94,0
6/27/2011,88,0
6/28/2011,84,0
6/29/2011,81,0
6/30/2011,79,0
7/1/2011,77,0
7/2/2011,75,0
7/3/2011,73,0
7/4/2011,79,0
7/5/2011,85,0
7/6/2011,72,0
7/7/2011,62,0
7/8/2011,75,0
7/9/2011,74,0
7/10/2011,71,0
7/11/2011,68,0
7/12/2011,97,10.7
7/13/2011,93,0
7/14/2011,86,0
7/15/2011,78,0
7/16/2011,68,0
7/17/2011,65,0
7/18/2011,60,0.3
7/19/2011,57,0
7/20/2011,55,0
7/21/2011,54,0
7/22/2011,51,0
7/23/2011,49,0
7/24/2011,49,0
7/25/2011,77,0.7
7/26/2011,67,0
7/27/2011,71,0
7/28/2011,87,0
7/29/2011,66,0
7/30/2011,60,0
7/31/2011,54,0
8/1/2011,49,29.5
8/2/2011,54,0
8/3/2011,55,0.7
8/4/2011,61,0
8/5/2011,59,13.4
8/6/2011,57,18.2
8/7/2011,55,0
8/8/2011,55,0.7
8/9/2011,55,0
8/10/2011,55,0
8/11/2011,54,0
8/12/2011,54,0
8/13/2011,53,0
8/14/2011,50,0.6
8/15/2011,48,0.5
8/16/2011,49,17.2
8/17/2011,77,0.4
8/18/2011,68,0
8/19/2011,63,0
8/20/2011,59,0
8/21/2011,81,0
8/22/2011,95,0
8/23/2011,112,0
8/24/2011,81,0
8/25/2011,74,0
8/26/2011,68,0
8/27/2011,67,0
8/28/2011,74,0
8/29/2011,77,0
8/30/2011,83,1.6
8/31/2011,84,6.5
9/1/2011,81,9.2
9/2/2011,80,0.2
9/3/2011,79,1
9/4/2011,88,13.4
9/5/2011,96,20.7
9/6/2011,95,7.3
9/7/2011,105,0
9/8/2011,109,17.6
9/9/2011,125,75.3
9/10/2011,142,49.3
9/11/2011,171,16.4
9/12/2011,162,0
9/13/2011,137,13.8
9/14/2011,132,5.6
9/15/2011,127,15.5
9/16/2011,119,0
9/17/2011,112,8.2
9/18/2011,107,0
9/19/2011,103,0
9/20/2011,120,0
9/21/2011,145,2.3
9/22/2011,176,51.8
9/23/2011,166,54.1
9/24/2011,296,301
9/25/2011,324,34.6
9/26/2011,248,0.4
9/27/2011,206,0.3
9/28/2011,208,0
9/29/2011,203,0
9/30/2011,187,0
10/1/2011,170,1.6
10/2/2011,190,0.2
10/3/2011,184,1.5
10/4/2011,167,4.4
10/5/2011,158,2.7
10/6/2011,150,10.9
10/7/2011,172,52.8
10/8/2011,193,1
10/9/2011,191,1.2
10/10/2011,275,0
10/11/2011,260,0
10/12/2011,217,0
10/13/2011,215,26.3
10/14/2011,248,28.3
10/15/2011,243,0
10/16/2011,287,0
10/17/2011,325,54.2
10/18/2011,379,4.8
10/19/2011,497,0
10/20/2011,477,80.9
10/21/2011,344,193.4
10/22/2011,296,114.9
10/23/2011,270,13.5
10/24/2011,250,2.6
10/25/2011,242,0
10/26/2011,238,0
10/27/2011,286,0
10/28/2011,382,0
10/29/2011,343,1.9
10/30/2011,286,14.8
10/31/2011,272,66.8
11/1/2011,354,85.1
11/2/2011,340,0.3
11/3/2011,285,6
11/4/2011,269,31.1
11/5/2011,384,40.5
11/6/2011,393,6
11/7/2011,488,106.9
11/8/2011,438,5
11/9/2011,349,0.8
11/10/2011,309,0
11/11/2011,289,0
11/12/2011,275,0
11/13/2011,260,0
11/14/2011,249,0
11/15/2011,240,31
11/16/2011,268,20.7
11/17/2011,266,0
11/18/2011,240,0
11/19/2011,225,0
11/20/2011,215,0
11/21/2011,216,0
11/22/2011,235,9.3
11/23/2011,270,14.6
11/24/2011,329,0.6
11/25/2011,342,41.2
11/26/2011,512,94.7
11/27/2011,367,0
11/28/2011,311,0
11/29/2011,287,14.2
11/30/2011,275,0
12/1/2011,259,26.5
12/2/2011,258,18.5
12/3/2011,248,2.9
12/4/2011,231,0
12/5/2011,222,9
12/6/2011,215,3.5
12/7/2011,212,8.8
12/8/2011,231,2.5
12/9/2011,245,8.7
12/10/2011,293,9.3
12/11/2011,283,1.3
12/12/2011,256,1.6
12/13/2011,237,0
12/14/2011,225,0.4
12/15/2011,225,12.3
12/16/2011,255,14.1
12/17/2011,330,11.3
12/18/2011,301,1.8
12/19/2011,294,0.3
12/20/2011,272,11.8
12/21/2011,260,7
12/22/2011,260,25.9
12/23/2011,281,2.3
12/24/2011,281,8.1
12/25/2011,270,0
12/26/2011,251,0
12/27/2011,238,2
12/28/2011,238,2.6
12/29/2011,234,0
12/30/2011,225,30
12/31/2011,248,16.2
1/1/2012,275,17.5
1/2/2012,267,8.6
1/3/2012,250,0
1/4/2012,231,0
1/5/2012,223,6.4
1/6/2012,217,0
1/7/2012,208,0.3
1/8/2012,203,0.4
1/9/2012,201,0
1/10/2012,196,0
1/11/2012,192,9.2
1/12/2012,205,31.5
1/13/2012,227,4
1/14/2012,221,0
1/15/2012,209,0
1/16/2012,200,24.8
1/17/2012,196,13.5
1/18/2012,195,4
1/19/2012,186,0
1/20/2012,181,0
1/21/2012,178,0
1/22/2012,171,0
1/23/2012,165,9.4
1/24/2012,168,0
1/25/2012,165,1.4
1/26/2012,162,0
1/27/2012,161,0
1/28/2012,154,0
1/29/2012,149,1.1
1/30/2012,147,5.6
1/31/2012,149,8.5
2/1/2012,165,0.8
2/2/2012,164,0
2/3/2012,156,1
2/4/2012,153,0
2/5/2012,148,0
2/6/2012,141,0
2/7/2012,135,0
2/8/2012,131,0
2/9/2012,129,2.1
2/10/2012,129,0
2/11/2012,127,0
2/12/2012,125,0
2/13/2012,123,0
2/14/2012,121,0
2/15/2012,118,0
2/16/2012,116,2.5
2/17/2012,123,65
2/18/2012,184,11.1
2/19/2012,186,25.8
2/20/2012,173,3.6
2/21/2012,164,0
2/22/2012,149,0
2/23/2012,141,0
2/24/2012,132,0
2/25/2012,125,0
2/26/2012,122,0
2/27/2012,121,4
2/28/2012,126,0
2/29/2012,126,0
3/1/2012,119,0
3/2/2012,109,0
3/3/2012,106,0
3/4/2012,104,0
3/5/2012,101,0
3/6/2012,99,0
3/7/2012,99,0
3/8/2012,97,0
3/9/2012,104,0
3/10/2012,106,0.3
3/11/2012,99,0
3/12/2012,95,0
3/13/2012,93,0
3/14/2012,92,0
3/15/2012,89,0
3/16/2012,87,0
3/17/2012,85,0
3/18/2012,83,0
3/19/2012,82,0
3/20/2012,80,0
3/21/2012,81,0
3/22/2012,95,0
3/23/2012,85,0
3/24/2012,79,0
3/25/2012,76,0
3/26/2012,75,0.2
3/27/2012,78,0
3/28/2012,82,0
3/29/2012,82,0
3/30/2012,81,0
3/31/2012,80,1.6
4/1/2012,156,10.9
4/2/2012,196,9.5
4/3/2012,148,0
4/4/2012,140,0
4/5/2012,130,0
4/6/2012,124,0
4/7/2012,117,0
4/8/2012,109,0
4/9/2012,107,0
4/10/2012,103,0
4/11/2012,97,0
4/12/2012,95,0
4/13/2012,110,0
4/14/2012,101,0
4/15/2012,97,0
4/16/2012,107,0
4/17/2012,106,0
4/18/2012,110,0
4/19/2012,112,0
4/20/2012,113,0
4/21/2012,108,5
4/22/2012,136,0
4/23/2012,115,0
4/24/2012,115,0
4/25/2012,113,0
4/26/2012,103,0
4/27/2012,109,0
4/28/2012,109,0
4/29/2012,110,0
4/30/2012,106,0
5/1/2012,103,0
5/2/2012,102,0
5/3/2012,102,0
5/4/2012,106,0
5/5/2012,105,0
5/6/2012,101,0
5/7/2012,98,0
5/8/2012,99,0
5/9/2012,96,0
5/10/2012,94,0
5/11/2012,94,0
5/12/2012,96,0
5/13/2012,104,0
5/14/2012,104,0
5/15/2012,94,0
5/16/2012,92,0
5/17/2012,104,13.2
5/18/2012,134,0.3
5/19/2012,109,0
5/20/2012,93,3.9
5/21/2012,86,0
5/22/2012,87,7.5
5/23/2012,86,0
5/24/2012,84,0
5/25/2012,88,0.3
5/26/2012,65,2.1
5/27/2012,70,0
5/28/2012,72,0
5/29/2012,82,32.8
5/30/2012,112,0
5/31/2012,127,19.7
6/1/2012,162,0
6/2/2012,180,0
6/3/2012,154,0
6/4/2012,124,0
6/5/2012,119,0
6/6/2012,109,0
6/7/2012,98,2
6/8/2012,115,13.8
6/9/2012,115,0
6/10/2012,96,0
6/11/2012,86,0
6/12/2012,72,0
6/13/2012,62,0
6/14/2012,56,0
6/15/2012,54,0.2
6/16/2012,55,0
6/17/2012,54,9.5
6/18/2012,60,0
6/19/2012,67,0
6/20/2012,56,0
6/21/2012,49,0
6/22/2012,42,12
6/23/2012,42,0
6/24/2012,47,0
6/25/2012,42,0
6/26/2012,40,0
6/27/2012,39,4.4
6/28/2012,38,0
6/29/2012,39,0
6/30/2012,40,59.3
7/1/2012,59,1.6
7/2/2012,64,1.1
7/3/2012,88,0
7/4/2012,98,0
7/5/2012,130,7.1
7/6/2012,129,2.3
7/7/2012,112,20.2
7/8/2012,96,0
7/9/2012,82,0
7/10/2012,101,0
7/11/2012,94,0
7/12/2012,88,0
7/13/2012,97,0
7/14/2012,84,0
7/15/2012,66,0
7/16/2012,58,0
7/17/2012,59,0
7/18/2012,63,0
7/19/2012,84,0
7/20/2012,114,0
7/21/2012,107,0
7/22/2012,100,0
7/23/2012,87,0
7/24/2012,70,0
7/25/2012,60,0
7/26/2012,53,0
7/27/2012,47,0
7/28/2012,48,0
7/29/2012,48,29.2
7/30/2012,56,4.5
7/31/2012,51,0
8/1/2012,49,0
8/2/2012,43,0
8/3/2012,34,0
8/4/2012,38,0
8/5/2012,35,1.6
8/6/2012,31,0
8/7/2012,30,0
8/8/2012,29,0
8/9/2012,30,0
8/10/2012,28,0
8/11/2012,30,0
8/12/2012,29,0
8/13/2012,32,0
8/14/2012,31,0
8/15/2012,30,0
8/16/2012,30,3.7
8/17/2012,45,0
8/18/2012,60,0
8/19/2012,49,0
8/20/2012,42,0
8/21/2012,44,0
8/22/2012,67,0
8/23/2012,92,11.1
8/24/2012,159,18
8/25/2012,162,7
8/26/2012,153,3.2
8/27/2012,123,5
8/28/2012,129,0
8/29/2012,115,5
8/30/2012,109,0
8/31/2012,99,0
9/1/2012,95,0
9/2/2012,86,18.2
9/3/2012,90,17.6
9/4/2012,112,10.9
9/5/2012,113,3
9/6/2012,106,7
9/7/2012,157,0.4
9/8/2012,144,0
9/9/2012,115,0
9/10/2012,115,3.5
9/11/2012,107,11.7
9/12/2012,116,72.6
9/13/2012,154,4.3
9/14/2012,141,7.6
9/15/2012,161,31
9/16/2012,160,0
9/17/2012,136,0
9/18/2012,126,0
9/19/2012,119,38
9/20/2012,114,0
9/21/2012,108,0.9
9/22/2012,107,0
9/23/2012,115,3.4
9/24/2012,116,0
9/25/2012,107,0
9/26/2012,106,29.4
9/27/2012,114,74.2
9/28/2012,151,20.6
9/29/2012,149,29.3
9/30/2012,147,1
10/1/2012,137,2.2
10/2/2012,131,0
10/3/2012,132,0
10/4/2012,136,0
10/5/2012,145,85
10/6/2012,134,11.7
10/7/2012,388,30.8
10/8/2012,327,97.2
10/9/2012,284,0
10/10/2012,230,1
10/11/2012,201,0
10/12/2012,186,0.1
10/13/2012,174,0
10/14/2012,158,0
10/15/2012,150,0
10/16/2012,148,0
10/17/2012,147,0
10/18/2012,138,0
10/19/2012,141,0.8
10/20/2012,138,0
10/21/2012,135,3
10/22/2012,132,2
10/23/2012,134,24.1
10/24/2012,150,2.1
10/25/2012,141,1.6
10/26/2012,133,0
10/27/2012,143,158.7
10/28/2012,150,0
10/29/2012,134,0
10/30/2012,133,0
10/31/2012,139,40.5
11/1/2012,197,33.8
11/2/2012,180,25.3
11/3/2012,160,0.6
11/4/2012,152,0
11/5/2012,150,0
11/6/2012,137,0
11/7/2012,141,39.7
11/8/2012,155,25.7
11/9/2012,150,0
11/10/2012,136,0
11/11/2012,130,0.4
11/12/2012,167,2.7
11/13/2012,192,2.8
11/14/2012,174,3.7
11/15/2012,166,4.9
11/16/2012,155,0.7
11/17/2012,170,2.2
11/18/2012,241,20
11/19/2012,200,0
11/20/2012,177,0
11/21/2012,165,0
11/22/2012,155,0
11/23/2012,149,0
11/24/2012,138,0.1
11/25/2012,141,0
11/26/2012,137,0
11/27/2012,135,0.6
11/28/2012,131,1.2
11/29/2012,132,0
11/30/2012,128,0
12/1/2012,125,0
12/2/2012,123,0
12/3/2012,117,0
12/4/2012,117,0
12/5/2012,116,0
12/6/2012,113,28.4
12/7/2012,112,0
12/8/2012,109,0
12/9/2012,108,1.8
12/10/2012,107,0
12/11/2012,104,0
12/12/2012,100,15.2
12/13/2012,97,2.5
12/14/2012,100,16.9
12/15/2012,109,0
12/16/2012,113,0
12/17/2012,103,0
12/18/2012,96,0
12/19/2012,92,1.8
12/20/2012,96,0.6
12/21/2012,96,0
12/22/2012,89,0
12/23/2012,85,0.5
12/24/2012,122,0
12/25/2012,143,4.2
12/26/2012,117,8.2
12/27/2012,147,43.4
12/28/2012,176,10.2
12/29/2012,158,6.5
12/30/2012,155,10.3
12/31/2012,166,0
1/1/2013,146,0
1/2/2013,128,0
1/3/2013,117,0
1/4/2013,112,7
1/5/2013,116,3.3
1/6/2013,119,7.7
1/7/2013,141,26.8
1/8/2013,163,3
1/9/2013,150,4.6
1/10/2013,148,0
1/11/2013,145,2.8
1/12/2013,140,0
1/13/2013,128,4
1/14/2013,124,0
1/15/2013,119,0
1/16/2013,114,0
1/17/2013,108,1.1
1/18/2013,105,0
1/19/2013,101,20.4
1/20/2013,102,0.6
1/21/2013,100,0
1/22/2013,97,0
1/23/2013,93,0
1/24/2013,92,0
1/25/2013,89,2.3
1/26/2013,87,0.3
1/27/2013,85,0
1/28/2013,84,3
1/29/2013,88,0
1/30/2013,94,0.2
1/31/2013,97,3.5
2/1/2013,98,0
2/2/2013,90,0
2/3/2013,83,0
2/4/2013,75,0
2/5/2013,77,0
2/6/2013,73,0
2/7/2013,66,0
2/8/2013,60,0
2/9/2013,58,0
2/10/2013,57,6.4
2/11/2013,56,1.1
2/12/2013,54,0
2/13/2013,54,0
2/14/2013,54,4.6
2/15/2013,54,0
2/16/2013,55,0.3
2/17/2013,53,0.2
2/18/2013,52,0
2/19/2013,49,0
2/20/2013,46,0
2/21/2013,47,0.3
2/22/2013,49,3
2/23/2013,61,9.6
2/24/2013,101,74.6
2/25/2013,145,3.5
2/26/2013,124,0
2/27/2013,91,0
2/28/2013,75,0
3/1/2013,67,0
3/2/2013,62,0
3/3/2013,56,9.6
3/4/2013,80,21.6
3/5/2013,178,0
3/6/2013,134,1.7
3/7/2013,114,0.3
3/8/2013,102,0
3/9/2013,92,0
3/10/2013,88,0
3/11/2013,80,0
3/12/2013,73,0
3/13/2013,70,0
3/14/2013,69,0
3/15/2013,79,1.3
3/16/2013,92,0
3/17/2013,84,0
3/18/2013,69,0
3/19/2013,65,0
3/20/2013,68,0
3/21/2013,69,0
3/22/2013,72,0
3/23/2013,79,0
3/24/2013,64,0
3/25/2013,59,0
3/26/2013,54,0
3/27/2013,61,0
3/28/2013,64,0
3/29/2013,78,1.1
3/30/2013,80,0
3/31/2013,80,5.2
4/1/2013,126,4.4
4/2/2013,112,0
4/3/2013,87,0
4/4/2013,72,0
4/5/2013,70,0
4/6/2013,64,0
4/7/2013,61,0
4/8/2013,70,0
4/9/2013,77,0
4/10/2013,78,0
4/11/2013,112,45.8
4/12/2013,140,0.2
4/13/2013,132,2.5
4/14/2013,130,0
4/15/2013,120,0
4/16/2013,108,0
4/17/2013,124,0.2
4/18/2013,167,0.3
4/19/2013,133,0
4/20/2013,115,0
4/21/2013,107,0
4/22/2013,105,0
4/23/2013,102,0
4/24/2013,107,0
4/25/2013,114,0
4/26/2013,105,1.7
4/27/2013,120,1.3
4/28/2013,134,0
4/29/2013,131,0
4/30/2013,109,0.3
5/1/2013,125,0.8
5/2/2013,158,9
5/3/2013,168,0.1
5/4/2013,156,0.2
5/5/2013,152,9.9
5/6/2013,149,0.2
5/7/2013,141,0
5/8/2013,130,0
5/9/2013,139,0
5/10/2013,143,0
5/11/2013,119,5.5
5/12/2013,173,0
5/13/2013,161,0
5/14/2013,140,0
5/15/2013,120,0
5/16/2013,114,0
5/17/2013,117,0
5/18/2013,103,0
5/19/2013,102,0
5/20/2013,84,0
5/21/2013,74,0
5/22/2013,67,0
5/23/2013,61,0
5/24/2013,61,5.6
5/25/2013,61,0
5/26/2013,86,0
5/27/2013,65,0
5/28/2013,80,0
5/29/2013,92,0
5/30/2013,103,0
5/31/2013,103,0
6/1/2013,91,0
6/2/2013,80,0
6/3/2013,76,1
6/4/2013,69,14
6/5/2013,103,0
6/6/2013,101,0
6/7/2013,126,0
6/8/2013,107,0
6/9/2013,87,0
6/10/2013,65,0
6/11/2013,69,1
6/12/2013,98,0.6
6/13/2013,132,0.5
6/14/2013,126,0
6/15/2013,122,0
6/16/2013,113,0
6/17/2013,98,0
6/18/2013,113,0
6/19/2013,120,0
6/20/2013,113,10.7
6/21/2013,94,0
6/22/2013,94,3
6/23/2013,100,0
6/24/2013,93,0
6/25/2013,89,0
6/26/2013,88,0
6/27/2013,80,0
6/28/2013,58,0
6/29/2013,50,0
6/30/2013,68,0
7/1/2013,73,0
7/2/2013,76,0
7/3/2013,76,0
7/4/2013,97,0
7/5/2013,88,0
7/6/2013,74,0
7/7/2013,67,0
7/8/2013,67,0
7/9/2013,61,18
7/10/2013,65,0
7/11/2013,64,0
7/12/2013,82,0
7/13/2013,80,0
7/14/2013,76,0
7/15/2013,88,0
7/16/2013,83,0
7/17/2013,136,0
7/18/2013,133,0
7/19/2013,121,0
7/20/2013,127,32.2
7/21/2013,144,0
7/22/2013,177,0
7/23/2013,213,25.5
7/24/2013,178,0
7/25/2013,140,0
7/26/2013,114,0
7/27/2013,113,0
7/28/2013,112,0
7/29/2013,109,0
7/30/2013,108,0
7/31/2013,154,7.7
8/1/2013,159,0
8/2/2013,148,0.3
8/3/2013,146,0
8/4/2013,119,0
8/5/2013,114,0
8/6/2013,114,10.7
8/7/2013,117,0
8/8/2013,112,0
8/9/2013,105,0
8/10/2013,130,0
8/11/2013,126,14.4
8/12/2013,117,3.5
8/13/2013,116,4.1
8/14/2013,116,0
8/15/2013,113,0
8/16/2013,109,0
8/17/2013,106,0
8/18/2013,105,0
8/19/2013,102,5.2
8/20/2013,98,0
8/21/2013,107,0
8/22/2013,122,0
8/23/2013,120,0
8/24/2013,116,0
8/25/2013,112,0
8/26/2013,106,8.1
8/27/2013,116,2.8
8/28/2013,110,2.4
8/29/2013,107,0
8/30/2013,106,0
8/31/2013,94,0
9/1/2013,86,41.3
9/2/2013,87,0.4
9/3/2013,98,3
9/4/2013,93,17.3
9/5/2013,91,0
9/6/2013,102,0
9/7/2013,111,0
9/8/2013,124,0
9/9/2013,112,0
9/10/2013,101,0
9/11/2013,111,0
9/12/2013,121,3.6
9/13/2013,158,16.9
9/14/2013,196,0
9/15/2013,298,0.5
9/16/2013,249,11.2
9/17/2013,261,14.7
9/18/2013,307,5.9
9/19/2013,311,0.3
9/20/2013,221,8.5
9/21/2013,195,52.1
9/22/2013,204,0.4
9/23/2013,200,62.4
9/24/2013,219,76
9/25/2013,182,0
9/26/2013,208,0
9/27/2013,206,23.9
9/28/2013,183,7.3
9/29/2013,172,9.4
9/30/2013,157,0
10/1/2013,160,38.2
10/2/2013,258,97.3
10/3/2013,402,51
10/4/2013,427,150
10/5/2013,398,10.4
10/6/2013,309,0
10/7/2013,271,0
10/8/2013,243,0
10/9/2013,225,0
10/10/2013,211,0
10/11/2013,201,0
10/12/2013,194,0
10/13/2013,185,0
10/14/2013,180,38.3
10/15/2013,235,76.6
10/16/2013,282,1
10/17/2013,224,21.3
10/18/2013,228,6.3
10/19/2013,222,11.2
10/20/2013,242,58.2
10/21/2013,267,1
10/22/2013,227,0.2
10/23/2013,211,0
10/24/2013,200,10.4
10/25/2013,187,5.7
10/26/2013,180,2.7
10/27/2013,173,0
10/28/2013,169,0
10/29/2013,163,0
10/30/2013,160,10.6
10/31/2013,160,0
11/1/2013,156,0
11/2/2013,152,0
11/3/2013,149,0
11/4/2013,145,0
11/5/2013,144,11.2
11/6/2013,229,53.2
11/7/2013,529,36.9
11/8/2013,435,21.7
11/9/2013,331,23
11/10/2013,342,59.3
11/11/2013,308,0
11/12/2013,267,0
11/13/2013,242,0
11/14/2013,230,4.7
11/15/2013,521,182.5
11/16/2013,662,36.2
11/17/2013,528,41.6
11/18/2013,409,1.5
11/19/2013,350,24.8
11/20/2013,341,0.5
11/21/2013,308,0
11/22/2013,292,1.6
11/23/2013,299,0
11/24/2013,280,0
11/25/2013,260,3.8
11/26/2013,248,3
11/27/2013,240,3.4
11/28/2013,240,10.4
11/29/2013,315,20.3
11/30/2013,318,13.9
12/1/2013,276,0.4
12/2/2013,254,0
12/3/2013,238,0.4
12/4/2013,227,9.1
12/5/2013,221,0
12/6/2013,214,0
12/7/2013,206,0
12/8/2013,200,0
12/9/2013,194,0
12/10/2013,190,0
12/11/2013,180,0
12/12/2013,170,4.7
12/13/2013,162,0.7
12/14/2013,158,0
12/15/2013,150,0.4
12/16/2013,146,0
12/17/2013,143,0.4
12/18/2013,142,0.4
12/19/2013,139,0
12/20/2013,132,0
12/21/2013,126,0
12/22/2013,119,0
12/23/2013,114,1.1
12/24/2013,116,1.1
12/25/2013,116,0
12/26/2013,114,0
12/27/2013,109,1.4
12/28/2013,106,0.4
12/29/2013,103,0.2
12/30/2013,104,0
12/31/2013,104,0
1/1/2014,102,0
1/2/2014,100,0
1/3/2014,101,0
1/4/2014,99,0
1/5/2014,97,0
1/6/2014,95,0
1/7/2014,92,0
1/8/2014,89,0
1/9/2014,86,0
1/10/2014,88,0.2
1/11/2014,95,2
1/12/2014,108,2.2
1/13/2014,111,6.2
1/14/2014,129,51.4
1/15/2014,139,0
1/16/2014,120,1.2
1/17/2014,110,12.6
1/18/2014,115,11.1
1/19/2014,124,4
1/20/2014,118,7.5
1/21/2014,115,1.2
1/22/2014,109,0
1/23/2014,104,0
1/24/2014,114,0
1/25/2014,101,0
1/26/2014,91,0
1/27/2014,112,1.1
1/28/2014,114,0
1/29/2014,103,0
1/30/2014,83,0
1/31/2014,76,0
2/1/2014,75,0
2/2/2014,73,0
2/3/2014,71,0
2/4/2014,69,0
2/5/2014,77,0
2/6/2014,88,0
2/7/2014,84,0
2/8/2014,62,0
2/9/2014,54,0
2/10/2014,52,0
2/11/2014,50,0
2/12/2014,72,0
2/13/2014,59,0
2/14/2014,54,0
2/15/2014,80,0
2/16/2014,83,0
2/17/2014,54,0
2/18/2014,46,0
2/19/2014,43,0
2/20/2014,78,0
2/21/2014,63,0
2/22/2014,47,0
2/23/2014,43,0
2/24/2014,45,0
2/25/2014,74,0
2/26/2014,74,0
2/27/2014,46,0
2/28/2014,35,0
3/1/2014,32,0
3/2/2014,31,0
3/3/2014,29,0
3/4/2014,24,0
3/5/2014,63,0
3/6/2014,64,0
3/7/2014,53,0
3/8/2014,49,0.8
3/9/2014,48,0
3/10/2014,47,0
3/11/2014,32,0
3/12/2014,75,0
3/13/2014,56,0
3/14/2014,35,8.7
3/15/2014,26,3.2
3/16/2014,25,0
3/17/2014,23,0
3/18/2014,23,0
3/19/2014,40,0
3/20/2014,51,0
3/21/2014,29,0
3/22/2014,25,0
3/23/2014,31,0
3/24/2014,62,0
3/25/2014,54,0
3/26/2014,74,0
3/27/2014,51,0
3/28/2014,36,0
3/29/2014,31,0
3/30/2014,31,0
3/31/2014,32,0
4/1/2014,26,0
4/2/2014,38,0
4/3/2014,76,0
4/4/2014,48,0
4/5/2014,67,0
4/6/2014,89,0
4/7/2014,97,0
4/8/2014,82,0
4/9/2014,93,0
4/10/2014,80,0
4/11/2014,63,0.4
4/12/2014,56,0.4
4/13/2014,45,1.8
4/14/2014,38,0
4/15/2014,28,0
4/16/2014,30,0
4/17/2014,49,0
4/18/2014,57,0
4/19/2014,59,0
4/20/2014,62,0
4/21/2014,61,0
4/22/2014,84,10.7
4/23/2014,69,0.5
4/24/2014,57,0
4/25/2014,58,1
4/26/2014,57,0
4/27/2014,55,0
4/28/2014,56,0
4/29/2014,67,0
4/30/2014,111,0
5/1/2014,120,0.5
5/2/2014,103,0
5/3/2014,142,0
5/4/2014,167,0.2
5/5/2014,149,0.2
5/6/2014,134,0
5/7/2014,119,0
5/8/2014,106,0.4
5/9/2014,135,0.2
5/10/2014,130,0
5/11/2014,78,1.7
5/12/2014,63,0
5/13/2014,47,0
5/14/2014,44,0
5/15/2014,55,0
5/16/2014,30,0
5/17/2014,21,0
5/18/2014,27,0
5/19/2014,55,0
5/20/2014,40,0
5/21/2014,26,0
5/22/2014,21,0
5/23/2014,15,0
5/24/2014,11,0
5/25/2014,10,0
5/26/2014,11,0
5/27/2014,22,0
5/28/2014,17,0
5/29/2014,12,0
5/30/2014,13,0
5/31/2014,17,0
6/1/2014,32,0
6/2/2014,20,0
6/3/2014,31,0
6/4/2014,46,0
6/5/2014,49,0
6/6/2014,38,0
6/7/2014,21,0
6/8/2014,15,0
6/9/2014,13,4.7
6/10/2014,18,0
6/11/2014,27,0
6/12/2014,37,0.8
6/13/2014,42,0
6/14/2014,43,0
6/15/2014,38,0
6/16/2014,30,0.2
6/17/2014,31,0.4
6/18/2014,25,0
6/19/2014,16,0
6/20/2014,11,1.2
6/21/2014,12,0
6/22/2014,21,0
6/23/2014,18,14.3
6/24/2014,21,2
6/25/2014,22,2.9
6/26/2014,22,0
6/27/2014,27,7.2
6/28/2014,26,5.3
6/29/2014,34,0
6/30/2014,42,0
7/1/2014,32,0
7/2/2014,21,0
7/3/2014,18,7
7/4/2014,15,0
7/5/2014,42,0
7/6/2014,65,0
7/7/2014,52,0
7/8/2014,48,36.4
7/9/2014,44,23.6
7/10/2014,41,6.2
7/11/2014,59,0
7/12/2014,46,0
7/13/2014,74,0
7/14/2014,78,0
7/15/2014,67,0
7/16/2014,51,0
7/17/2014,44,0
7/18/2014,57,0
7/19/2014,41,0
7/20/2014,38,0
7/21/2014,33,32.8
7/22/2014,39,1.9
7/23/2014,40,0
7/24/2014,67,0.3
7/25/2014,53,0
7/26/2014,38,11.8
7/27/2014,28,0.8
7/28/2014,76,0
7/29/2014,120,22.2
7/30/2014,127,0
7/31/2014,125,0
8/1/2014,167,0
8/2/2014,135,0
8/3/2014,100,0
8/4/2014,78,0
8/5/2014,77,0
8/6/2014,75,0
8/7/2014,70,1.6
8/8/2014,64,0
8/9/2014,63,0
8/10/2014,51,0
8/11/2014,40,0
8/12/2014,31,0
8/13/2014,38,2.5
8/14/2014,24,0
8/15/2014,32,0
8/16/2014,45,60.5
8/17/2014,55,1.3
8/18/2014,53,4.2
8/19/2014,54,2.5
8/20/2014,59,0
8/21/2014,48,1.5
8/22/2014,61,0
8/23/2014,80,0
8/24/2014,84,1
8/25/2014,56,0
8/26/2014,54,0
8/27/2014,83,0
8/28/2014,112,0
8/29/2014,116,0
8/30/2014,114,0
8/31/2014,112,1.3
9/1/2014,186,29.3
9/2/2014,152,0
9/3/2014,124,0
9/4/2014,133,0
9/5/2014,130,0
9/6/2014,122,0
9/7/2014,104,0
9/8/2014,95,0
9/9/2014,137,0
9/10/2014,129,0
9/11/2014,122,0.4
9/12/2014,116,0
9/13/2014,113,23.2
9/14/2014,120,0
9/15/2014,128,0
9/16/2014,129,0
9/17/2014,109,0
9/18/2014,107,0
9/19/2014,105,0
9/20/2014,103,4
9/21/2014,98,0
9/22/2014,97,26.2
9/23/2014,100,0
9/24/2014,125,23.8
9/25/2014,143,2.8
9/26/2014,122,0
9/27/2014,109,0
9/28/2014,104,0
9/29/2014,94,1.2
9/30/2014,95,0
10/1/2014,103,0
10/2/2014,97,0
10/3/2014,94,0
10/4/2014,95,0
10/5/2014,99,2.8
10/6/2014,98,10.5
10/7/2014,118,11.8
10/8/2014,183,56.6
10/9/2014,169,1.4
10/10/2014,128,0
10/11/2014,111,0
10/12/2014,101,41.3
10/13/2014,132,116.2
10/14/2014,169,5
10/15/2014,137,0.2
10/16/2014,122,4.4
10/17/2014,124,7
10/18/2014,127,34.3
10/19/2014,310,60.2
10/20/2014,274,17.5
10/21/2014,207,0
10/22/2014,195,63
10/23/2014,217,78.2
10/24/2014,195,0
10/25/2014,189,3.1
10/26/2014,247,89.2
10/27/2014,273,26.7
10/28/2014,215,15.2
10/29/2014,196,0
10/30/2014,179,1.4
10/31/2014,169,4.5
11/1/2014,183,3.8
11/2/2014,168,0
11/3/2014,153,0
11/4/2014,149,0
11/5/2014,145,0
11/6/2014,155,6.9
11/7/2014,156,5.4
11/8/2014,152,0
11/9/2014,141,4.7
11/10/2014,130,0
11/11/2014,129,0
11/12/2014,125,14.2
11/13/2014,130,44.9
11/14/2014,285,110.9
11/15/2014,421,128.1
11/16/2014,382,0
11/17/2014,296,0
11/18/2014,251,0
11/19/2014,224,13
11/20/2014,217,16.7
11/21/2014,218,2
11/22/2014,204,1
11/23/2014,191,3.3
11/24/2014,177,1.2
11/25/2014,176,3.8
11/26/2014,174,0
11/27/2014,167,0
11/28/2014,156,0
11/29/2014,145,0
11/30/2014,169,94.4
12/1/2014,265,165
12/2/2014,328,15.2
12/3/2014,234,3
12/4/2014,211,7.4
12/5/2014,197,43.4
12/6/2014,231,65.5
12/7/2014,220,29.7
12/8/2014,207,13.8
12/9/2014,234,29.2
12/10/2014,244,1.4
12/11/2014,219,21.3
12/12/2014,222,19.2
12/13/2014,272,70.3
12/14/2014,282,22.9
12/15/2014,242,1.8
12/16/2014,224,6.5
12/17/2014,255,12.7
12/18/2014,252,4.4
12/19/2014,226,0
12/20/2014,214,0
12/21/2014,206,1.8
12/22/2014,217,21
12/23/2014,218,3.7
12/24/2014,199,0.8
12/25/2014,192,1.8
12/26/2014,199,3.7
12/27/2014,201,2.7
12/28/2014,229,21
12/29/2014,269,3.2
12/30/2014,231,0
12/31/2014,207,0
1/1/2015,189,7
1/2/2015,181,5
1/3/2015,180,11.1
1/4/2015,177,1.8
1/5/2015,171,0
1/6/2015,163,0
1/7/2015,155,1.6
1/8/2015,155,46
1/9/2015,228,15
1/10/2015,235,15.1
1/11/2015,239,3
1/12/2015,215,0
1/13/2015,188,0
1/14/2015,175,0
1/15/2015,167,0
1/16/2015,159,0
1/17/2015,155,2.5
1/18/2015,153,5.3
1/19/2015,148,11.2
1/20/2015,155,0
1/21/2015,147,0
1/22/2015,138,0
1/23/2015,132,0
1/24/2015,128,0
1/25/2015,124,0
1/26/2015,120,0
1/27/2015,116,0
1/28/2015,110,0
1/29/2015,105,0
1/30/2015,101,0
1/31/2015,99,2.6
2/1/2015,107,42.3
2/2/2015,128,30
2/3/2015,151,0.2
2/4/2015,138,0.2
2/5/2015,125,3.4
2/6/2015,121,0.3
2/7/2015,119,1.7
2/8/2015,114,3.1
2/9/2015,113,7.7
2/10/2015,122,1.1
2/11/2015,114,0
2/12/2015,106,0
2/13/2015,102,0
2/14/2015,97,0
2/15/2015,86,0
2/16/2015,80,0
2/17/2015,74,0
2/18/2015,70,0
2/19/2015,69,0
2/20/2015,69,0
2/21/2015,69,0
2/22/2015,74,0
2/23/2015,73,0
2/24/2015,75,0
2/25/2015,74,0
2/26/2015,67,0
2/27/2015,65,0
2/28/2015,65,0
3/1/2015,63,0
3/2/2015,69,0
3/3/2015,65,0
3/4/2015,65,0
3/5/2015,65,0
3/6/2015,60,0
3/7/2015,56,0
3/8/2015,52,0
3/9/2015,48,0
3/10/2015,55,0
3/11/2015,56,0
3/12/2015,53,0
3/13/2015,53,0
3/14/2015,65,0
3/15/2015,67,0
3/16/2015,51,0
3/17/2015,47,0
3/18/2015,51,0
3/19/2015,48,0
3/20/2015,53,0
3/21/2015,61,0
3/22/2015,55,0
3/23/2015,46,0
3/24/2015,43,5.4
3/25/2015,116,94.2
3/26/2015,330,0
3/27/2015,315,11.4
3/28/2015,236,1.9
3/29/2015,169,2.1
3/30/2015,148,0
3/31/2015,125,0
4/1/2015,113,0
4/2/2015,101,0
4/3/2015,97,0
4/4/2015,97,0
4/5/2015,98,0
4/6/2015,89,0
4/7/2015,89,0
4/8/2015,88,0
4/9/2015,86,3.5
4/10/2015,87,0
4/11/2015,82,0
4/12/2015,85,1.8
4/13/2015,89,4.5
4/14/2015,95,0
4/15/2015,89,0
4/16/2015,92,0
4/17/2015,98,0
4/18/2015,102,0
4/19/2015,100,0
4/20/2015,94,0
4/21/2015,102,0
4/22/2015,108,0.6
4/23/2015,124,0
4/24/2015,113,0
4/25/2015,103,0.4
4/26/2015,103,0.3
4/27/2015,94,0
4/28/2015,103,0
4/29/2015,91,0
4/30/2015,85,0
5/1/2015,86,0
5/2/2015,81,0
5/3/2015,76,0
5/4/2015,77,0
5/5/2015,82,0
5/6/2015,91,0
5/7/2015,100,0
5/8/2015,98,0
5/9/2015,92,0
5/10/2015,85,0
5/11/2015,95,0
5/12/2015,110,0
5/13/2015,98,0
5/14/2015,90,0
5/15/2015,76,0
5/16/2015,71,0
5/17/2015,57,0.5
5/18/2015,52,0
5/19/2015,65,21.8
5/20/2015,68,0
5/21/2015,65,0
5/22/2015,65,0
5/23/2015,72,0
5/24/2015,64,0
5/25/2015,46,0
5/26/2015,49,0
5/27/2015,47,0
5/28/2015,59,0
5/29/2015,54,0
5/30/2015,49,0
5/31/2015,51,0
6/1/2015,40,0
6/2/2015,30,0
6/3/2015,46,0
6/4/2015,29,0
6/5/2015,30,0
6/6/2015,49,0
6/7/2015,49,0
6/8/2015,40,0
6/9/2015,42,0
6/10/2015,32,0
6/11/2015,16,0
6/12/2015,14,0
6/13/2015,18,0
6/14/2015,19,0
6/15/2015,17,0
6/16/2015,32,0
6/17/2015,53,0
6/18/2015,47,0
6/19/2015,48,0
6/20/2015,46,6.7
6/21/2015,39,47.4
6/22/2015,50,6.7
6/23/2015,52,0
6/24/2015,52,0
6/25/2015,34,0
6/26/2015,17,0
6/27/2015,7,0
6/28/2015,12,0
6/29/2015,12,0
6/30/2015,12,0
7/1/2015,9,0
7/2/2015,13,0
7/3/2015,33,0
7/4/2015,31,0
7/5/2015,28,0
7/6/2015,13,11.8
7/7/2015,10,21.5
7/8/2015,39,0
7/9/2015,44,0
7/10/2015,43,0
7/11/2015,47,22.4
7/12/2015,65,22.8
7/13/2015,51,0
7/14/2015,26,1.3
7/15/2015,36,4.5
7/16/2015,33,0
7/17/2015,25,0
7/18/2015,20,0.8
7/19/2015,17,1.4
7/20/2015,13,0
7/21/2015,8,0
7/22/2015,7,0
7/23/2015,7,0
7/24/2015,8,0
7/25/2015,8,0
7/26/2015,9,0
7/27/2015,9,0
7/28/2015,10,0
7/29/2015,11,0
7/30/2015,12,0
7/31/2015,16,0
8/1/2015,12,0.3
8/2/2015,9,0
8/3/2015,9,0
8/4/2015,31,0
8/5/2015,42,0
8/6/2015,37,0
8/7/2015,84,0
8/8/2015,52,8.4
8/9/2015,61,0
8/10/2015,65,0
8/11/2015,101,1.9
8/12/2015,97,0
8/13/2015,81,0
8/14/2015,66,0
8/15/2015,56,0
8/16/2015,70,0
8/17/2015,65,0
8/18/2015,73,0
8/19/2015,73,0
8/20/2015,69,5.4
8/21/2015,59,0
8/22/2015,56,0
8/23/2015,68,19.2
8/24/2015,63,0
8/25/2015,67,0
8/26/2015,74,0
8/27/2015,77,0
8/28/2015,66,0
8/29/2015,57,0
8/30/2015,51,3.2
8/31/2015,46,0
9/1/2015,45,0
9/2/2015,46,4.9
9/3/2015,47,0
9/4/2015,50,0
9/5/2015,58,0
9/6/2015,67,0
9/7/2015,63,0
9/8/2015,59,0
9/9/2015,64,0
9/10/2015,55,0
9/11/2015,54,0
9/12/2015,53,15.6
9/13/2015,65,48
9/14/2015,104,206
9/15/2015,257,21.4
9/16/2015,150,0
9/17/2015,121,20.3
9/18/2015,107,0
9/19/2015,115,0
9/20/2015,104,0
9/21/2015,90,0
9/22/2015,83,0
9/23/2015,83,0
9/24/2015,85,0
9/25/2015,98,0
9/26/2015,101,0
9/27/2015,95,0
9/28/2015,98,0
9/29/2015,88,0
9/30/2015,96,0
10/1/2015,111,0
10/2/2015,114,9.4
10/3/2015,113,4
10/4/2015,121,23.4
10/5/2015,132,0.8
10/6/2015,114,0
10/7/2015,119,0
10/8/2015,117,0
10/9/2015,118,0
10/10/2015,120,0
10/11/2015,107,0
10/12/2015,95,19.9
10/13/2015,92,0.3
10/14/2015,97,0
10/15/2015,115,113.4
10/16/2015,147,0
10/17/2015,119,0
10/18/2015,102,0
10/19/2015,88,0
10/20/2015,96,0
10/21/2015,96,0
10/22/2015,98,0
10/23/2015,96,0
10/24/2015,81,0
10/25/2015,72,0
10/26/2015,69,1.8
10/27/2015,78,1.2
10/28/2015,77,0
10/29/2015,87,0
10/30/2015,87,0
10/31/2015,88,8.1
11/1/2015,98,46.2
11/2/2015,211,128.9
11/3/2015,285,81.8
11/4/2015,264,18.4
11/5/2015,394,0
11/6/2015,362,0
11/7/2015,271,0
11/8/2015,214,71.8
11/9/2015,193,2.6
11/10/2015,181,0
11/11/2015,177,0
11/12/2015,177,0
11/13/2015,173,0
11/14/2015,165,0
11/15/2015,161,0
11/16/2015,156,2.2
11/17/2015,152,25
11/18/2015,144,25.7
11/19/2015,136,0
11/20/2015,134,3.4
11/21/2015,128,21.6
11/22/2015,135,73.7
11/23/2015,126,48.3
11/24/2015,126,30.5
11/25/2015,150,43.1
11/26/2015,197,24.3
11/27/2015,208,3.2
11/28/2015,271,63.6
11/29/2015,270,116.4
11/30/2015,224,72.2
12/1/2015,209,28.7
12/2/2015,196,33.1
12/3/2015,181,19.6
12/4/2015,171,0
12/5/2015,162,0
12/6/2015,155,0.3
12/7/2015,153,0
12/8/2015,159,0
12/9/2015,164,2.1
12/10/2015,158,6.4
12/11/2015,148,5.6
12/12/2015,131,5
12/13/2015,126,1.4
12/14/2015,114,69.5
12/15/2015,101,28.1
12/16/2015,101,2.1
12/17/2015,124,0
12/18/2015,160,0
12/19/2015,135,0
12/20/2015,138,0
12/21/2015,164,0
12/22/2015,184,0
12/23/2015,168,18
12/24/2015,147,6.1
12/25/2015,134,1.2
12/26/2015,123,5.3
12/27/2015,115,0
12/28/2015,104,0
12/29/2015,103,0
12/30/2015,113,0
12/31/2015,139,13.1
1/1/2016,139,11.3
1/2/2016,134,7.6
1/3/2016,121,4.9
1/4/2016,108,0
1/5/2016,101,0
1/6/2016,96,0
1/7/2016,94,1.4
1/8/2016,94,4.3
1/9/2016,98,23.2
1/10/2016,93,2.8
1/11/2016,87,0
1/12/2016,88,0
1/13/2016,90,22.8
1/14/2016,88,0
1/15/2016,89,0
1/16/2016,86,1.2
1/17/2016,82,0
1/18/2016,79,0
1/19/2016,72,0
1/20/2016,71,0
1/21/2016,66,0
1/22/2016,67,0
1/23/2016,67,3.2
1/24/2016,67,50.8
1/25/2016,68,25.8
1/26/2016,66,1.2
1/27/2016,67,0
1/28/2016,69,2.3
1/29/2016,65,0
1/30/2016,61,0
1/31/2016,57,0
2/1/2016,56,0
2/2/2016,48,0
2/3/2016,43,0
2/4/2016,44,0
2/5/2016,45,0
2/6/2016,46,0
2/7/2016,47,0
2/8/2016,43,3.8
2/9/2016,41,14.8
2/10/2016,41,1.4
2/11/2016,40,0
2/12/2016,39,0
2/13/2016,36,0
2/14/2016,33,0
2/15/2016,30,0
2/16/2016,26,0
2/17/2016,34,6.1
2/18/2016,36,1.1
2/19/2016,33,1.4
2/20/2016,41,1.3
2/21/2016,41,0
2/22/2016,31,1.2
2/23/2016,28,0
2/24/2016,32,0
2/25/2016,47,0
2/26/2016,59,0
2/27/2016,76,0
2/28/2016,69,0
2/29/2016,56,0
3/1/2016,60,0
3/2/2016,65,0
3/3/2016,56,0
3/4/2016,46,0
3/5/2016,28,0
3/6/2016,26,0
3/7/2016,32,0
3/8/2016,24,0
3/9/2016,17,0
3/10/2016,19,0
3/11/2016,17,0
3/12/2016,16,0
3/13/2016,21,0
3/14/2016,20,0
3/15/2016,17,0
3/16/2016,20,0
3/17/2016,20,0
3/18/2016,20,0
3/19/2016,18,0.8
3/20/2016,15,3.8
3/21/2016,14,1.7
3/22/2016,12,0
3/23/2016,13,0
3/24/2016,20,0
3/25/2016,21,0
3/26/2016,22,0.7
3/27/2016,22,0.5
3/28/2016,20,0
3/29/2016,19,0
3/30/2016,35,0
3/31/2016,38,0
4/1/2016,35,0
4/2/2016,45,0
4/3/2016,41,0
4/4/2016,23,0
4/5/2016,16,0
4/6/2016,26,0
4/7/2016,36,0
4/8/2016,38,0
4/9/2016,47,0
4/10/2016,43,0
4/11/2016,39,0
4/12/2016,36,0
4/13/2016,42,0
4/14/2016,40,0
4/15/2016,48,0
4/16/2016,58,0
4/17/2016,59,0
4/18/2016,65,0
4/19/2016,72,0
4/20/2016,53,0
4/21/2016,47,0
4/22/2016,49,0
4/23/2016,55,0
4/24/2016,51,0
4/25/2016,43,0
4/26/2016,43,0
4/27/2016,54,0
4/28/2016,60,0
4/29/2016,63,0
4/30/2016,62,0
5/1/2016,49,0
5/2/2016,38,0
5/3/2016,42,0
5/4/2016,51,0
5/5/2016,56,0
5/6/2016,60,0
5/7/2016,62,0
5/8/2016,57,0
5/9/2016,43,0
5/10/2016,35,0
5/11/2016,43,0
5/12/2016,43,0
5/13/2016,39,42.3
5/14/2016,39,0
5/15/2016,44,0
5/16/2016,26,0
5/17/2016,10,0
5/18/2016,8,0
5/19/2016,8,0
5/20/2016,24,0
5/21/2016,35,0
5/22/2016,38,6
5/23/2016,48,0
5/24/2016,46,0
5/25/2016,42,2.8
5/26/2016,42,0
5/27/2016,41,0
5/28/2016,38,0
5/29/2016,20,0
5/30/2016,14,0
5/31/2016,17,0
6/1/2016,34,0
6/2/2016,45,0
6/3/2016,47,0
6/4/2016,54,0.2
6/5/2016,53,0
6/6/2016,31,0
6/7/2016,31,0
6/8/2016,46,0
6/9/2016,44,22.3
6/10/2016,28,0
6/11/2016,23,2.6
6/12/2016,16,9.4
6/13/2016,13,0
6/14/2016,11,0
6/15/2016,9,0
6/16/2016,19,0
6/17/2016,34,1.4
6/18/2016,24,0
6/19/2016,34,0
6/20/2016,33,0
6/21/2016,28,0
6/22/2016,24,0
6/23/2016,31,0
6/24/2016,45,0
6/25/2016,96,71.5
6/26/2016,119,51.2
6/27/2016,89,13.5
6/28/2016,203,11.7
6/29/2016,144,0
6/30/2016,104,0
7/1/2016,78,0
7/2/2016,60,0
7/3/2016,54,0
7/4/2016,49,0
7/5/2016,55,11.5
7/6/2016,76,0
7/7/2016,57,0
7/8/2016,45,0
7/9/2016,48,0
7/10/2016,65,11.8
7/11/2016,56,0
7/12/2016,44,21.8
7/13/2016,46,0
7/14/2016,44,0
7/15/2016,40,0
7/16/2016,45,0
7/17/2016,49,0
7/18/2016,51,0
7/19/2016,47,0
7/20/2016,46,0
7/21/2016,53,0
7/22/2016,49,0
7/23/2016,46,0
7/24/2016,46,0
7/25/2016,47,0
7/26/2016,44,0
7/27/2016,65,0
7/28/2016,93,9.4
7/29/2016,103,0
7/30/2016,81,0
7/31/2016,74,0
8/1/2016,74,0
8/2/2016,70,0
8/3/2016,59,0
8/4/2016,59,0
8/5/2016,66,13.5
8/6/2016,70,0
8/7/2016,70,0
8/8/2016,70,14.5
8/9/2016,59,4
8/10/2016,54,2.7
8/11/2016,51,1.3
8/12/2016,55,0
8/13/2016,56,0
8/14/2016,55,0
8/15/2016,47,0
8/16/2016,44,0
8/17/2016,47,0
8/18/2016,50,1.8
8/19/2016,57,1.8
8/20/2016,58,0
8/21/2016,62,0
8/22/2016,58,0.3
8/23/2016,78,7.7
8/24/2016,103,23.6
8/25/2016,139,0.2
8/26/2016,141,14.9
8/27/2016,144,0
8/28/2016,143,0
8/29/2016,128,1.4
8/30/2016,133,17.1
8/31/2016,121,0
9/1/2016,107,2
9/2/2016,97,0
9/3/2016,83,4.2
9/4/2016,74,0.9
9/5/2016,77,0
9/6/2016,95,0
9/7/2016,103,0
9/8/2016,102,6.4
9/9/2016,114,0
9/10/2016,113,20
9/11/2016,109,16.1
9/12/2016,125,13.2
9/13/2016,319,4.4
9/14/2016,217,23
9/15/2016,156,0
9/16/2016,147,0
9/17/2016,142,0
9/18/2016,129,0
9/19/2016,116,18.3
9/20/2016,122,131.8
9/21/2016,114,99.1
9/22/2016,144,0
9/23/2016,175,2.3
9/24/2016,169,0
9/25/2016,167,0
9/26/2016,159,1.8
9/27/2016,149,0
9/28/2016,135,25.6
9/29/2016,130,9.9
9/30/2016,138,56.5
10/1/2016,151,5.1
10/2/2016,128,0
10/3/2016,116,0
10/4/2016,134,2.6
10/5/2016,136,0
10/6/2016,144,0
10/7/2016,147,0.1
10/8/2016,148,0
10/9/2016,159,2.6
10/10/2016,147,7.3
10/11/2016,126,4.6
10/12/2016,148,0.5
10/13/2016,158,0.4
10/14/2016,131,28.2
10/15/2016,128,29.8
10/16/2016,162,0
10/17/2016,233,0
10/18/2016,173,0
10/19/2016,160,11.7
10/20/2016,142,5.3
10/21/2016,138,7.7
10/22/2016,143,28.2
10/23/2016,138,14.5
10/24/2016,134,0
10/25/2016,132,13.2
10/26/2016,127,11.4
10/27/2016,133,18.5
10/28/2016,131,0
10/29/2016,123,3.4
10/30/2016,119,63.1
10/31/2016,140,53.8
11/1/2016,219,0
11/2/2016,448,0
11/3/2016,394,0
11/4/2016,354,23.5
11/5/2016,290,7.5
11/6/2016,246,7.3
11/7/2016,216,43
11/8/2016,200,10.1
11/9/2016,195,6.8
11/10/2016,193,0
11/11/2016,176,0
11/12/2016,181,0
11/13/2016,179,0
11/14/2016,170,1
11/15/2016,166,0
11/16/2016,162,29.4
11/17/2016,159,157.6
11/18/2016,182,73.4
11/19/2016,175,10.9
11/20/2016,175,5.2
11/21/2016,172,4
11/22/2016,175,1.8
11/23/2016,173,1.2
11/24/2016,164,24.9
11/25/2016,155,4.9
11/26/2016,139,21.5
11/27/2016,129,4.8
11/28/2016,119,10.1
11/29/2016,120,24
11/30/2016,279,0.7
12/1/2016,466,81.2
12/2/2016,396,189
12/3/2016,481,50
12/4/2016,406,16.7
12/5/2016,471,160.4
12/6/2016,551,126.7
12/7/2016,517,82.7
12/8/2016,570,162.7
12/9/2016,426,0
12/10/2016,325,0
12/11/2016,290,1.3
12/12/2016,306,15.8
12/13/2016,359,17.2
12/14/2016,419,102.4
12/15/2016,544,251.2
12/16/2016,687,104.6
12/17/2016,546,43.3
12/18/2016,410,2.2
12/19/2016,370,9.2
12/20/2016,351,4.4
12/21/2016,315,0
12/22/2016,285,0.4
12/23/2016,269,2.1
12/24/2016,262,14.2
12/25/2016,250,3.2
12/26/2016,239,0
12/27/2016,225,2.8
12/28/2016,212,0
12/29/2016,192,6.8
12/30/2016,175,0.9
12/31/2016,169,32
1/1/2017,194,4.2
1/2/2017,229,5
1/3/2017,213,0
1/4/2017,192,8.2
1/5/2017,175,2
1/6/2017,165,4.2
1/7/2017,154,0
1/8/2017,143,0
1/9/2017,137,1.9
1/10/2017,129,2.8
1/11/2017,128,21.7
1/12/2017,123,0
1/13/2017,115,3
1/14/2017,114,1.6
1/15/2017,119,19.1
1/16/2017,129,2.3
1/17/2017,164,3
1/18/2017,169,0
1/19/2017,160,0
1/20/2017,155,0
1/21/2017,149,1.6
1/22/2017,163,0.9
1/23/2017,172,9.4
1/24/2017,172,16.9
1/25/2017,178,50.1
1/26/2017,275,2.8
1/27/2017,215,1.3
1/28/2017,192,0
1/29/2017,176,0
1/30/2017,163,0
1/31/2017,159,0
2/1/2017,154,14.1
2/2/2017,176,15.5
2/3/2017,276,41.2
2/4/2017,281,7
2/5/2017,230,0
2/6/2017,196,0
2/7/2017,178,0
2/8/2017,167,0
2/9/2017,157,4.3
2/10/2017,161,27.1
2/11/2017,174,42.3
2/12/2017,183,5.8
2/13/2017,167,0
2/14/2017,157,0.2
2/15/2017,158,8.2
2/16/2017,155,0.7
2/17/2017,144,0
2/18/2017,134,0.2
2/19/2017,130,0
2/20/2017,125,0
2/21/2017,126,0
2/22/2017,124,0
2/23/2017,122,0
2/24/2017,117,73.5
2/25/2017,131,1.2
2/26/2017,124,0.1
2/27/2017,111,0.4
2/28/2017,117,3.7
3/1/2017,125,0.5
3/2/2017,121,0.1
3/3/2017,118,0
3/4/2017,113,0
3/5/2017,108,0
3/6/2017,98,0
3/7/2017,106,0
3/8/2017,101,0
3/9/2017,97,0
3/10/2017,93,0
3/11/2017,93,0
3/12/2017,87,0
3/13/2017,76,0
3/14/2017,83,0
3/15/2017,83,0
3/16/2017,83,12.9
3/17/2017,82,0
3/18/2017,76,0.2
3/19/2017,72,0
3/20/2017,58,0
3/21/2017,78,0
3/22/2017,77,0
3/23/2017,82,0
3/24/2017,85,0
3/25/2017,83,0.5
3/26/2017,70,0.1
3/27/2017,63,33.2
3/28/2017,78,0.9
3/29/2017,85,0
3/30/2017,76,2.7
3/31/2017,74,0.3
4/1/2017,76,0
4/2/2017,68,0
4/3/2017,63,0
4/4/2017,67,0
4/5/2017,67,0
4/6/2017,64,0
4/7/2017,61,0
4/8/2017,63,0
4/9/2017,64,0
4/10/2017,59,0
4/11/2017,60,0
4/12/2017,63,0
4/13/2017,64,0
4/14/2017,67,0
4/15/2017,64,0
4/16/2017,57,5.5
4/17/2017,51,0
4/18/2017,61,0
4/19/2017,62,0
4/20/2017,70,0
4/21/2017,71,12.1
4/22/2017,69,0.1
4/23/2017,63,0
4/24/2017,60,4.7
4/25/2017,87,6.3
4/26/2017,89,0
4/27/2017,86,0
4/28/2017,87,0
4/29/2017,86,0
4/30/2017,91,0
5/1/2017,77,0
5/2/2017,83,0
5/3/2017,72,0
5/4/2017,77,0
5/5/2017,77,0
5/6/2017,71,0
5/7/2017,66,0
5/8/2017,60,0
5/9/2017,73,0
5/10/2017,96,0
5/11/2017,97,15.3
5/12/2017,69,0
5/13/2017,59,0
5/14/2017,72,0
5/15/2017,80,0
5/16/2017,78,1.6
5/17/2017,130,6.6
5/18/2017,113,0.4
5/19/2017,91,1
5/20/2017,73,2.3
5/21/2017,65,2.3
5/22/2017,63,0.2
5/23/2017,67,0
5/24/2017,79,0
5/25/2017,80,1.6
5/26/2017,79,0.4
5/27/2017,79,0
5/28/2017,80,0.7
5/29/2017,129,4.3
5/30/2017,132,0
5/31/2017,106,0
6/1/2017,83,0
6/2/2017,75,0
6/3/2017,70,0
6/4/2017,72,0
6/5/2017,70,0
6/6/2017,74,0
6/7/2017,77,0
6/8/2017,79,5.6
6/9/2017,85,0.9
6/10/2017,73,0
6/11/2017,69,36.8
6/12/2017,62,0.2
6/13/2017,55,2.6
6/14/2017,52,0
6/15/2017,53,0
6/16/2017,55,0
6/17/2017,52,0
6/18/2017,45,0
6/19/2017,42,8.9
6/20/2017,42,0
6/21/2017,49,0
6/22/2017,52,0
6/23/2017,57,0
6/24/2017,55,0
6/25/2017,82,0
6/26/2017,74,0
6/27/2017,64,0
6/28/2017,79,0
6/29/2017,69,0
6/30/2017,71,0
7/1/2017,66,0
7/2/2017,55,0
7/3/2017,48,0
7/4/2017,55,0
7/5/2017,69,0
7/6/2017,64,4.8
7/7/2017,56,0
7/8/2017,55,0.1
7/9/2017,59,0
7/10/2017,63,0
7/11/2017,67,0
7/12/2017,82,2
7/13/2017,128,25.6
7/14/2017,134,6.4
7/15/2017,105,5.6
7/16/2017,86,2.7
7/17/2017,84,0.2
7/18/2017,79,19.8
7/19/2017,90,2.4
7/20/2017,115,0
7/21/2017,101,0
7/22/2017,125,0
7/23/2017,105,0.2
7/24/2017,90,0.8
7/25/2017,92,14.9
7/26/2017,88,0
7/27/2017,87,2.1
7/28/2017,89,26.3
7/29/2017,91,0.1
7/30/2017,80,0
7/31/2017,78,0
8/1/2017,77,0
8/2/2017,66,0
8/3/2017,63,0
8/4/2017,61,0
8/5/2017,60,0
8/6/2017,57,0
8/7/2017,58,0
8/8/2017,62,0
8/9/2017,68,0
8/10/2017,55,0
8/11/2017,47,0
8/12/2017,42,0
8/13/2017,46,0
8/14/2017,45,0
8/15/2017,54,0
8/16/2017,54,0
8/17/2017,61,0
8/18/2017,59,30.4
8/19/2017,73,21.4
8/20/2017,73,0
8/21/2017,62,0
8/22/2017,57,0
8/23/2017,50,0
8/24/2017,45,0
8/25/2017,50,0
8/26/2017,69,4.3
8/27/2017,79,16.3
8/28/2017,89,2.8
8/29/2017,79,0.2
8/30/2017,75,0
8/31/2017,81,1.3
9/1/2017,86,0
9/2/2017,72,0
9/3/2017,72,0
9/4/2017,79,0
9/5/2017,98,0.3
9/6/2017,127,0.2
9/7/2017,113,0
9/8/2017,113,0
9/9/2017,118,0
9/10/2017,104,0
9/11/2017,99,0
9/12/2017,87,0
9/13/2017,89,0
9/14/2017,96,53.8
9/15/2017,105,11.4
9/16/2017,106,0
9/17/2017,98,0.3
9/18/2017,93,0
9/19/2017,91,0
9/20/2017,95,0
9/21/2017,91,0
9/22/2017,93,3.2
9/23/2017,95,6
9/24/2017,93,0
9/25/2017,94,0
9/26/2017,96,19.7
9/27/2017,94,0
9/28/2017,96,0
9/29/2017,93,1.5
9/30/2017,117,1.3
10/1/2017,111,1.2
10/2/2017,88,6.9
10/3/2017,96,33.2
10/4/2017,114,1
10/5/2017,103,0
10/6/2017,104,2.8
10/7/2017,99,3.3
10/8/2017,96,22.6
10/9/2017,110,18.2
10/10/2017,126,2.6
10/11/2017,103,3.1
10/12/2017,100,0
10/13/2017,103,24.5
10/14/2017,99,29.6
10/15/2017,87,0
10/16/2017,82,0
10/17/2017,80,0
10/18/2017,80,6
10/19/2017,144,101.9
10/20/2017,215,0.2
10/21/2017,136,0.1
10/22/2017,115,0
10/23/2017,106,5.9
10/24/2017,106,3.5
10/25/2017,142,61.4
10/26/2017,168,23.9
10/27/2017,128,5.9
10/28/2017,116,0
10/29/2017,104,6.2
10/30/2017,102,7.9
10/31/2017,151,155.9
11/1/2017,470,11.9
11/2/2017,325,0
11/3/2017,226,31.2
11/4/2017,476,243
11/5/2017,695,328.8
11/6/2017,730,52
11/7/2017,561,10.7
11/8/2017,382,23.2
11/9/2017,400,10
11/10/2017,364,7.2
11/11/2017,330,12.1
11/12/2017,275,6.9
11/13/2017,257,0
11/14/2017,242,0
11/15/2017,226,8.6
11/16/2017,226,0.3
11/17/2017,210,0
11/18/2017,195,0
11/19/2017,211,24.1
11/20/2017,420,39.6
11/21/2017,239,4.5
11/22/2017,253,86
11/23/2017,547,22
11/24/2017,455,89.1
11/25/2017,370,24.3
11/26/2017,340,22.9
11/27/2017,332,27.3
11/28/2017,309,16
11/29/2017,288,0.4
11/30/2017,282,0.2
12/1/2017,257,0.8
12/2/2017,366,79.1
12/3/2017,484,25.5
12/4/2017,469,13.7
12/5/2017,405,8.5
12/6/2017,333,1.4
12/7/2017,298,1.7
12/8/2017,287,3.1
12/9/2017,272,0
12/10/2017,251,0
12/11/2017,237,0
12/12/2017,226,0
12/13/2017,216,0
12/14/2017,204,0
12/15/2017,189,0.1
12/16/2017,188,1.6
12/17/2017,194,13.7
12/18/2017,197,5.1
12/19/2017,173,0
12/20/2017,161,0
12/21/2017,156,0.1
12/22/2017,153,0
12/23/2017,151,0.1
12/24/2017,154,0.2
12/25/2017,149,4.5
12/26/2017,153,68.1
12/27/2017,198,14.4
12/28/2017,231,20.8
12/29/2017,199,7.4
12/30/2017,216,10.3
12/31/2017,199,9.1
1/1/2018,181,1.1
1/2/2018,162,4.8
1/3/2018,151,2.5
1/4/2018,148,17.4
1/5/2018,160,18.9
1/6/2018,138,0
1/7/2018,128,0
1/8/2018,121,0
1/9/2018,131,1.6
1/10/2018,126,0
1/11/2018,115,0
1/12/2018,112,7.6
1/13/2018,115,1.8
1/14/2018,115,6.3
1/15/2018,121,6.4
1/16/2018,117,0
1/17/2018,111,0
1/18/2018,105,0
1/19/2018,104,0
1/20/2018,104,0.8
1/21/2018,105,0.9
1/22/2018,101,0.2
1/23/2018,101,1.7
1/24/2018,97,1.3
1/25/2018,99,2.6
1/26/2018,96,1
1/27/2018,98,21.8
1/28/2018,96,0.2
1/29/2018,92,1.9
1/30/2018,98,0
1/31/2018,92,0.1
2/1/2018,86,0
2/2/2018,79,0
2/3/2018,78,0
2/4/2018,76,0
2/5/2018,66,2.9
2/6/2018,79,0
2/7/2018,76,0
2/8/2018,70,0
2/9/2018,63,0
2/10/2018,56,0
2/11/2018,51,7
2/12/2018,46,2.3
2/13/2018,58,5.5
2/14/2018,59,0
2/15/2018,56,0
2/16/2018,62,0
2/17/2018,62,0
2/18/2018,60,0
2/19/2018,53,1.3
2/20/2018,63,0
2/21/2018,62,0
2/22/2018,64,0.1
2/23/2018,67,1.6
2/24/2018,65,0
2/25/2018,55,0
2/26/2018,50,0
2/27/2018,62,3.1
2/28/2018,62,0.9
3/1/2018,60,0
3/2/2018,69,0
3/3/2018,75,0
3/4/2018,73,0
3/5/2018,50,0
3/6/2018,67,0
3/7/2018,67,0.2
3/8/2018,64,0
3/9/2018,66,0.2
3/10/2018,71,0
3/11/2018,66,0
3/12/2018,46,1.9
3/13/2018,77,0
3/14/2018,80,0
3/15/2018,85,41.1
3/16/2018,84,0
3/17/2018,73,0
3/18/2018,64,0
3/19/2018,48,0
3/20/2018,64,0
3/21/2018,63,0
3/22/2018,60,1.3
3/23/2018,57,0
3/24/2018,58,0
3/25/2018,58,0
3/26/2018,44,0
3/27/2018,43,0
3/28/2018,43,0
3/29/2018,44,0
3/30/2018,46,0
3/31/2018,39,0
4/1/2018,34,0
4/2/2018,33,0
4/3/2018,38,0
4/4/2018,40,0
4/5/2018,39,0
4/6/2018,41,0
4/7/2018,43,5
4/8/2018,55,2.5
4/9/2018,46,0
4/10/2018,51,0
4/11/2018,39,0
4/12/2018,35,0
4/13/2018,45,0
4/14/2018,46,0
4/15/2018,36,0
4/16/2018,27,0
4/17/2018,35,0
4/18/2018,34,0
4/19/2018,33,0
4/20/2018,33,0
4/21/2018,28,0
4/22/2018,33,0
4/23/2018,30,0
4/24/2018,38,0
4/25/2018,43,0
4/26/2018,43,0
4/27/2018,53,0
4/28/2018,59,0
4/29/2018,56,0
4/30/2018,46,0
5/1/2018,42,0
5/2/2018,33,0
5/3/2018,39,0
5/4/2018,41,0.6
5/5/2018,36,0
5/6/2018,36,1.3
5/7/2018,57,1.2
5/8/2018,51,0
5/9/2018,56,0
5/10/2018,66,0
5/11/2018,72,0
5/12/2018,60,0
5/13/2018,40,0
5/14/2018,31,0
5/15/2018,36,0
5/16/2018,33,0
5/17/2018,50,0
5/18/2018,43,0
5/19/2018,39,0
5/20/2018,35,0
5/21/2018,25,0
5/22/2018,25,0
5/23/2018,27,0
5/24/2018,33,0
5/25/2018,54,1.1
5/26/2018,50,0
5/27/2018,42,27.4
5/28/2018,28,0
5/29/2018,38,0
5/30/2018,52,0
5/31/2018,44,0
6/1/2018,42,0
6/2/2018,37,0.1
6/3/2018,33,175.4
6/4/2018,113,30.4
6/5/2018,59,0
6/6/2018,41,7.1
6/7/2018,50,18.9
6/8/2018,50,22.4
6/9/2018,52,24
6/10/2018,32,0
6/11/2018,25,0
6/12/2018,27,0
6/13/2018,28,0
6/14/2018,30,0
6/15/2018,36,0.2
6/16/2018,37,0
6/17/2018,37,8.1
6/18/2018,24,0
6/19/2018,24,0
6/20/2018,24,0
6/21/2018,24,0
6/22/2018,27,0.6
6/23/2018,30,0
6/24/2018,29,10.3
6/25/2018,36,3.6
6/26/2018,39,0
6/27/2018,32,0
6/28/2018,31,0
6/29/2018,41,0
6/30/2018,42,0
7/1/2018,35,0.4
7/2/2018,35,0
7/3/2018,22,0
7/4/2018,20,0
7/5/2018,19,0
7/6/2018,19,0
7/7/2018,20,0
7/8/2018,25,0
7/9/2018,30,0
7/10/2018,40,62.4
7/11/2018,60,38
7/12/2018,35,7.2
7/13/2018,31,8.6
7/14/2018,33,0
7/15/2018,32,0.3
7/16/2018,32,0.6
7/17/2018,33,10.6
7/18/2018,31,5.4
7/19/2018,33,0
7/20/2018,33,1.9
7/21/2018,34,0.4
7/22/2018,34,1.9
7/23/2018,31,3.4
7/24/2018,30,0
7/25/2018,31,0
7/26/2018,33,1.8
7/27/2018,31,36.7
7/28/2018,30,0.8
7/29/2018,30,0
7/30/2018,28,0
7/31/2018,27,0
8/1/2018,28,0
8/2/2018,24,0
8/3/2018,30,19.5
8/4/2018,40,0
8/5/2018,34,3
8/6/2018,32,1
8/7/2018,25,0.4
8/8/2018,23,1.3
8/9/2018,34,7.2
8/10/2018,47,1
8/11/2018,38,0
8/12/2018,32,0
8/13/2018,26,0
8/14/2018,25,0.1
8/15/2018,25,0.2
8/16/2018,19,0
8/17/2018,15,0
8/18/2018,24,0
8/19/2018,22,0
8/20/2018,21,0.2
8/21/2018,25,0
8/22/2018,27,1.1
8/23/2018,29,0
8/24/2018,26,0
8/25/2018,24,0
8/26/2018,30,0.1
8/27/2018,30,0
8/28/2018,30,0
8/29/2018,23,0
8/30/2018,20,0
8/31/2018,21,0
9/1/2018,20,0
9/2/2018,25,0
9/3/2018,32,0
9/4/2018,35,0.7
9/5/2018,40,0
9/6/2018,40,0
9/7/2018,54,0
9/8/2018,61,0
9/9/2018,67,0
9/10/2018,52,9.4
9/11/2018,75,22.8
9/12/2018,104,0
9/13/2018,82,20.2
9/14/2018,102,0
9/15/2018,84,1.7
9/16/2018,72,0
9/17/2018,60,19.7
9/18/2018,95,4.5
9/19/2018,85,17.2
9/20/2018,76,0.5
9/21/2018,70,2.6
9/22/2018,66,0.2
9/23/2018,68,1
9/24/2018,63,0
9/25/2018,62,0
9/26/2018,64,0
9/27/2018,58,0
9/28/2018,57,13
9/29/2018,60,0
9/30/2018,52,0
10/1/2018,58,6.8
10/2/2018,65,30.6
10/3/2018,99,86.4
10/4/2018,196,86.1
10/5/2018,222,0
10/6/2018,142,0
10/7/2018,100,0
10/8/2018,80,0
10/9/2018,83,0
10/10/2018,80,0
10/11/2018,65,12.1
10/12/2018,73,40.9
10/13/2018,117,1.3
10/14/2018,123,0
10/15/2018,77,0
10/16/2018,72,0
10/17/2018,69,0
10/18/2018,62,0
10/19/2018,59,0.4
10/20/2018,68,13.9
10/21/2018,68,0
10/22/2018,67,1.9
10/23/2018,57,0
10/24/2018,62,6.3
10/25/2018,68,0
10/26/2018,46,0
10/27/2018,35,14.6
10/28/2018,40,6.2
10/29/2018,42,1.6
10/30/2018,48,0
10/31/2018,49,0
11/1/2018,50,0
11/2/2018,63,0
11/3/2018,52,0
11/4/2018,43,1.1
11/5/2018,30,0
11/6/2018,31,1.1
11/7/2018,37,25.7
11/8/2018,78,8.9
11/9/2018,177,0.9
11/10/2018,126,0
11/11/2018,84,0.2
11/12/2018,56,0
11/13/2018,61,0
11/14/2018,58,0
11/15/2018,49,0
11/16/2018,46,0
11/17/2018,42,0.1
11/18/2018,38,0
11/19/2018,30,7.7
11/20/2018,40,0
11/21/2018,41,0
11/22/2018,41,3.4
11/23/2018,52,4.2
11/24/2018,68,17.4
11/25/2018,183,74.7
11/26/2018,202,48.2
11/27/2018,145,8
11/28/2018,127,16.1
11/29/2018,167,61.9
11/30/2018,172,1.3
12/1/2018,138,0.4
12/2/2018,112,0.2
12/3/2018,85,0
12/4/2018,80,0
12/5/2018,79,0
12/6/2018,72,0
12/7/2018,65,3.4
12/8/2018,70,2.7
12/9/2018,281,135.9
12/10/2018,252,126.5
12/11/2018,261,8.1
12/12/2018,229,9
12/13/2018,215,16.9
12/14/2018,234,42.9
12/15/2018,329,12
12/16/2018,370,9.6
12/17/2018,288,0
12/18/2018,234,3.5
12/19/2018,202,0.4
12/20/2018,176,0
12/21/2018,154,0
12/22/2018,134,0
12/23/2018,126,0
12/24/2018,128,26.5
12/25/2018,122,12.2
12/26/2018,115,2.8
12/27/2018,112,14.4
12/28/2018,117,4.2
12/29/2018,241,60
12/30/2018,372,18.3
12/31/2018,284,7.8
1/1/2019,244,26.3
1/2/2019,222,12
1/3/2019,206,2.6
1/4/2019,194,0
1/5/2019,178,0.5
1/6/2019,167,2.9
1/7/2019,159,0
1/8/2019,146,0
1/9/2019,139,0
1/10/2019,137,1.3
1/11/2019,124,0
1/12/2019,118,0
1/13/2019,108,0
1/14/2019,96,0
1/15/2019,97,1
1/16/2019,96,12.4
1/17/2019,115,42.9
1/18/2019,174,2.4
1/19/2019,164,0.4
1/20/2019,134,0
1/21/2019,119,3
1/22/2019,141,5.7
1/23/2019,186,4.6
1/24/2019,159,0
1/25/2019,134,0
1/26/2019,118,1
1/27/2019,114,5.1
1/28/2019,103,0
1/29/2019,99,6.5
1/30/2019,90,0.3
1/31/2019,88,0
2/1/2019,89,0
2/2/2019,78,0.2
2/3/2019,63,0
2/4/2019,65,0
2/5/2019,63,0
2/6/2019,64,0
2/7/2019,64,0
2/8/2019,57,0
2/9/2019,52,0
2/10/2019,50,0
2/11/2019,49,0
2/12/2019,50,0
2/13/2019,42,0
2/14/2019,44,0
2/15/2019,40,0
2/16/2019,38,0
2/17/2019,59,0
2/18/2019,37,0
2/19/2019,42,0
2/20/2019,47,0
2/21/2019,48,0
2/22/2019,40,0
2/23/2019,41,0
2/24/2019,37,0
2/25/2019,19,0
2/26/2019,21,0
2/27/2019,28,0
2/28/2019,34,0
3/1/2019,34,0
3/2/2019,39,0
3/3/2019,28,0
3/4/2019,19,0
3/5/2019,20,0
3/6/2019,23,0
3/7/2019,28,0
3/8/2019,28,0
3/9/2019,41,0
3/10/2019,38,0
3/11/2019,10,0
3/12/2019,24,0
3/13/2019,26,0
3/14/2019,31,0
3/15/2019,32,0
3/16/2019,35,0
3/17/2019,38,0.2
3/18/2019,29,0
3/19/2019,25,0
3/20/2019,25,0
3/21/2019,24,0
3/22/2019,19,0
3/23/2019,21,0
3/24/2019,27,27.5
3/25/2019,16,0
3/26/2019,19,0
3/27/2019,22,0
3/28/2019,26,0
3/29/2019,27,0
3/30/2019,28,0
3/31/2019,30,5.5
4/1/2019,25,0
4/2/2019,32,0
4/3/2019,23,0
4/4/2019,19,0
4/5/2019,12,0
4/6/2019,9,0
4/7/2019,8,0
4/8/2019,9,0
4/9/2019,11,0
4/10/2019,25,0
4/11/2019,31,0
4/12/2019,32,0
4/13/2019,50,0
4/14/2019,42,0
4/15/2019,24,0
4/16/2019,17,0
4/17/2019,39,0
4/18/2019,47,0
4/19/2019,42,0
4/20/2019,38,0
4/21/2019,48,0
4/22/2019,28,0
4/23/2019,46,0
4/24/2019,46,0
4/25/2019,43,0
4/26/2019,42,0
4/27/2019,36,0
4/28/2019,37,0
4/29/2019,24,0
4/30/2019,28,0
5/1/2019,22,1.6
5/2/2019,20,0
5/3/2019,26,0
5/4/2019,29,0
5/5/2019,39,0
5/6/2019,31,0
5/7/2019,57,0.2
5/8/2019,56,0.5
5/9/2019,64,0
5/10/2019,51,0.5
5/11/2019,25,2.3
5/12/2019,24,0
5/13/2019,25,50.9
5/14/2019,32,0
5/15/2019,24,0
5/16/2019,14,0
5/17/2019,4,0
5/18/2019,3,0
5/19/2019,11,0
5/20/2019,12,0
5/21/2019,13,13.2
5/22/2019,16,0
5/23/2019,17,0
5/24/2019,26,7
5/25/2019,12,0.4
5/26/2019,24,0
5/27/2019,9,0
5/28/2019,6,1.8
5/29/2019,7,0
5/30/2019,36,0
5/31/2019,41,0
6/1/2019,28,0
6/2/2019,26,0
6/3/2019,14,0
6/4/2019,16,0
6/5/2019,13,0
6/6/2019,10,0
6/7/2019,10,0
6/8/2019,25,0
6/9/2019,26,0
6/10/2019,22,0
6/11/2019,9,0
6/12/2019,7,0
6/13/2019,10,0.2
6/14/2019,10,0
6/15/2019,12,15.8
6/16/2019,24,0
6/17/2019,27,0
6/18/2019,28,1.6
6/19/2019,31,0
6/20/2019,23,0
6/21/2019,24,0
6/22/2019,20,0
6/23/2019,13,0
6/24/2019,7,0
6/25/2019,3,0
6/26/2019,8,0
6/27/2019,8,0
6/28/2019,9,0
6/29/2019,12,0
6/30/2019,13,0
7/1/2019,14,0
7/2/2019,16,6
7/3/2019,24,0
7/4/2019,18,0
7/5/2019,19,0
7/6/2019,21,0
7/7/2019,17,0
7/8/2019,10,0
7/9/2019,8,0
7/10/2019,8,0
7/11/2019,9,0
7/12/2019,11,0
7/13/2019,10,0
7/14/2019,6,0
7/15/2019,9,0
7/16/2019,11,0
7/17/2019,13,0
7/18/2019,14,0
7/19/2019,15,0
7/20/2019,15,0
7/21/2019,13,0
7/22/2019,11,6
7/23/2019,17,0.4
7/24/2019,5,5.4
7/25/2019,3,5.4
7/26/2019,4,1.4
7/27/2019,7,2.3
7/28/2019,8,26
7/29/2019,32,9
7/30/2019,36,0.6
7/31/2019,34,0.8
8/1/2019,29,0.2
8/2/2019,28,0.2
8/3/2019,14,0
8/4/2019,18,0.4
8/5/2019,16,0
8/6/2019,9,1.6
8/7/2019,12,4
8/8/2019,18,0.6
8/9/2019,16,0
8/10/2019,16,0
8/11/2019,20,0
8/12/2019,16,0
8/13/2019,13,0
8/14/2019,8,0
8/15/2019,7,0
8/16/2019,7,0
8/17/2019,3,0
8/18/2019,2,0
8/19/2019,2,2
8/20/2019,-1,1.2
8/21/2019,-1,0
8/22/2019,2,0
8/23/2019,5,20
8/24/2019,9,0
8/25/2019,15,61.2
8/26/2019,13,0
8/27/2019,13,1.8
8/28/2019,20,2.2
8/29/2019,38,48.6
8/30/2019,44,0
8/31/2019,35,9.8
9/1/2019,27,16.2
9/2/2019,31,25.2
9/3/2019,34,0
9/4/2019,31,0
9/5/2019,31,0
9/6/2019,25,0
9/7/2019,25,10.6
9/8/2019,33,1
9/9/2019,32,0
9/10/2019,24,0
9/11/2019,22,0
9/12/2019,18,0
9/13/2019,20,10.4
9/14/2019,22,0
9/15/2019,20,2.4
9/16/2019,16,3.2
9/17/2019,22,0
9/18/2019,23,6
9/19/2019,25,1.6
9/20/2019,24,13.6
9/21/2019,28,0
9/22/2019,28,0
9/23/2019,19,0
9/24/2019,20,7
9/25/2019,26,93
9/26/2019,66,32
9/27/2019,51,0
9/28/2019,39,39
9/29/2019,25,0
9/30/2019,22,0
10/1/2019,23,0
10/2/2019,18,0
10/3/2019,21,0
10/4/2019,18,0
10/5/2019,27,0
10/6/2019,21,0
10/7/2019,17,0
10/8/2019,19,0
10/9/2019,18,0
10/10/2019,18,20
10/11/2019,20,0
10/12/2019,19,0
10/13/2019,11,0
10/14/2019,17,23.6
10/15/2019,26,147.2
10/16/2019,88,44.6
10/17/2019,203,29.4
10/18/2019,184,20.2
10/19/2019,200,46.8
10/20/2019,200,4
10/21/2019,115,5.2
10/22/2019,74,0
10/23/2019,54,0
10/24/2019,59,0
10/25/2019,58,1.6
10/26/2019,63,4.8
10/27/2019,64,14.6
10/28/2019,68,3.2
10/29/2019,70,6.8
10/30/2019,84,96
10/31/2019,462,161.2
11/1/2019,296,0
11/2/2019,230,79.6
11/3/2019,307,4
11/4/2019,208,31.4
11/5/2019,172,1.6
11/6/2019,141,0
11/7/2019,125,2
11/8/2019,121,3.8
11/9/2019,138,0
11/10/2019,149,80.8
11/11/2019,291,50
11/12/2019,296,27.4
11/13/2019,200,13.2
11/14/2019,174,7.6
11/15/2019,150,3
11/16/2019,136,2.6
11/17/2019,122,0
11/18/2019,91,0
11/19/2019,106,0
11/20/2019,104,3.8
11/21/2019,108,0
11/22/2019,103,0
11/23/2019,96,0
11/24/2019,95,0
11/25/2019,77,3.4
11/26/2019,94,56.6
11/27/2019,130,8.4
11/28/2019,186,13
11/29/2019,282,18.4
11/30/2019,300,26.6
12/1/2019,245,1
12/2/2019,194,5.2
12/3/2019,173,2.2
12/4/2019,147,0
12/5/2019,134,0
12/6/2019,120,3.2
12/7/2019,112,0
12/8/2019,99,0
12/9/2019,80,0
12/10/2019,78,0
12/11/2019,75,0
12/12/2019,72,3.8
12/13/2019,67,1
12/14/2019,64,3.8
12/15/2019,64,0
12/16/2019,48,1
12/17/2019,53,1
12/18/2019,52,0
12/19/2019,43,9.8
12/20/2019,37,0
12/21/2019,40,3.4
12/22/2019,39,0
12/23/2019,29,0
12/24/2019,30,0
12/25/2019,31,0
12/26/2019,34,0
12/27/2019,35,2
12/28/2019,42,0.6
12/29/2019,44,0.4
12/30/2019,32,1.2
12/31/2019,36,0.6
1/1/2020,40,4
1/2/2020,46,3.2
1/3/2020,49,2.6
1/4/2020,43,0
1/5/2020,35,0
1/6/2020,25,0
1/7/2020,21,0
1/8/2020,23,1.6
1/9/2020,25,0
1/10/2020,28,0
1/11/2020,31,0
1/12/2020,29,0
1/13/2020,22,1.4
1/14/2020,21,0
1/15/2020,27,0
1/16/2020,17,0
1/17/2020,13,2
1/18/2020,10,0
1/19/2020,7,0
1/20/2020,7,0
1/21/2020,5,0
1/22/2020,9,0
1/23/2020,11,0
1/24/2020,11,0
1/25/2020,10,0
1/26/2020,12,0
1/27/2020,18,0
1/28/2020,13,0
1/29/2020,15,7.4
1/30/2020,10,0.8
1/31/2020,10,0.4
2/1/2020,7,0
2/2/2020,1,0
2/3/2020,8,0
2/4/2020,3,0
2/5/2020,8,0
2/6/2020,16,0
2/7/2020,21,0
2/8/2020,21,1.8
2/9/2020,28,0.4
2/10/2020,28,10.6
2/11/2020,22,0.4
2/12/2020,28,0
2/13/2020,18,0
2/14/2020,15,0
2/15/2020,10,0
2/16/2020,6,0
2/17/2020,8,0.6
2/18/2020,15,21.4
2/19/2020,23,4.2
2/20/2020,22,0.4
2/21/2020,23,1.2
2/22/2020,20,0
2/23/2020,19,0
2/24/2020,13,0
2/25/2020,9,0
2/26/2020,7,0
2/27/2020,2,0
2/28/2020,3,0
2/29/2020,6,0
3/1/2020,3,0
3/2/2020,-3,0
3/3/2020,-5,0.4
3/4/2020,4,0
3/5/2020,10,0
3/6/2020,11,8.4
3/7/2020,18,0
3/8/2020,15,0
3/9/2020,9,0
3/10/2020,4,0
3/11/2020,7,0
3/12/2020,15,0
3/13/2020,16,0
3/14/2020,6,0
3/15/2020,1,0
3/16/2020,7,3.6
3/17/2020,4,0
3/18/2020,2,0
3/19/2020,2,0
3/20/2020,1,0
3/21/2020,-2,0
3/22/2020,-8,0
3/23/2020,-11,0
3/24/2020,-14,0
3/25/2020,-11,0
3/26/2020,-1,0
3/27/2020,11,0
3/28/2020,12,0
3/29/2020,5,0
3/30/2020,6,0
3/31/2020,6,0
4/1/2020,4,0
4/2/2020,6,0
4/3/2020,9,0
4/4/2020,8,0
4/5/2020,5,0
4/6/2020,9,0
4/7/2020,7,0
4/8/2020,13,0
4/9/2020,17,0
4/10/2020,21,0.4
4/11/2020,24,0
4/12/2020,23,8.4
4/13/2020,41,21.4
4/14/2020,80,0
4/15/2020,35,0
4/16/2020,25,0
4/17/2020,19,0
4/18/2020,24,0
4/19/2020,20,0
4/20/2020,9,0
4/21/2020,10,0
4/22/2020,26,0
4/23/2020,23,0
4/24/2020,22,9.2
4/25/2020,27,4.4
4/26/2020,27,2.4
4/27/2020,22,0.4
4/28/2020,18,0
4/29/2020,26,0
4/30/2020,29,0
5/1/2020,24,0
5/2/2020,16,0
5/3/2020,7,0
5/4/2020,1,0
5/5/2020,-9,0
5/6/2020,7,0
5/7/2020,4,0
5/8/2020,25,0
5/9/2020,28,0
5/10/2020,26,0
5/11/2020,20,0
5/12/2020,13,0
5/13/2020,22,0
5/14/2020,24,0
5/15/2020,18,0
5/16/2020,6,0
5/17/2020,-4,0
5/18/2020,-4,0.4
5/19/2020,-11,0
5/20/2020,-7,0
5/21/2020,-5,0
5/22/2020,7,0
5/23/2020,13,0
5/24/2020,10,0
5/25/2020,16,10
5/26/2020,13,0
5/27/2020,10,7.8
5/28/2020,7,0
5/29/2020,8,0
5/30/2020,8,0
5/31/2020,-2,0
6/1/2020,-8,0
6/2/2020,-9,0
6/3/2020,5,0
6/4/2020,13,0
6/5/2020,15,0
6/6/2020,10,0
6/7/2020,11,0
6/8/2020,15,0
6/9/2020,13,0
6/10/2020,16,0
6/11/2020,12,0
6/12/2020,10,0
6/13/2020,5,0
6/14/2020,-1,0
6/15/2020,-3,2.8
6/16/2020,-2,0.4
6/17/2020,1,0
6/18/2020,-3,0
6/19/2020,3,0
6/20/2020,10,0
6/21/2020,11,0
6/22/2020,18,0
6/23/2020,21,0
6/24/2020,20,0
6/25/2020,12,0
6/26/2020,6,0
6/27/2020,2,0
6/28/2020,-2,0
6/29/2020,-1,0
6/30/2020,8,0
7/1/2020,5,18.4
7/2/2020,8,1.4
7/3/2020,6,0
7/4/2020,19,0
7/5/2020,18,0
7/6/2020,22,0
7/7/2020,14,0
7/8/2020,6,0
7/9/2020,3,0
7/10/2020,-2,0
7/11/2020,3,0
7/12/2020,-5,0
7/13/2020,-5,0
7/14/2020,-13,0
7/15/2020,-12,0
7/16/2020,-11,0
7/17/2020,-4,0
7/18/2020,16,0
7/19/2020,20,0
7/20/2020,14,0
7/21/2020,13,0
7/22/2020,14,0
7/23/2020,14,0
7/24/2020,25,0
7/25/2020,32,0
7/26/2020,17,0
7/27/2020,5,0
7/28/2020,5,0
7/29/2020,15,0
7/30/2020,19,0
7/31/2020,44,14.6
8/1/2020,48,0.8
8/2/2020,27,4.4
8/3/2020,19,0
8/4/2020,16,0
8/5/2020,21,4.2
8/6/2020,26,0
8/7/2020,14,0.8
8/8/2020,19,0
8/9/2020,21,0
8/10/2020,25,1.6
8/11/2020,34,1.2
8/12/2020,6,8.4
8/13/2020,25,0.6
8/14/2020,19,0
8/15/2020,10,0
8/16/2020,25,0
8/17/2020,26,38.6
8/18/2020,54,0
8/19/2020,58,0
8/20/2020,48,11.8
8/21/2020,46,0
8/22/2020,49,0.4
8/23/2020,43,6
8/24/2020,40,0
8/25/2020,27,0
8/26/2020,18,0
8/27/2020,27,0
8/28/2020,22,0
8/29/2020,26,0
8/30/2020,42,38
8/31/2020,59,0
9/1/2020,50,16.8
9/2/2020,53,44.4
9/3/2020,42,0
9/4/2020,46,0.2
9/5/2020,66,0
9/6/2020,62,0
9/7/2020,50,0
9/8/2020,60,0
9/9/2020,56,0
9/10/2020,52,0
9/11/2020,47,0
9/12/2020,51,0
9/13/2020,38,0
9/14/2020,37,0
9/15/2020,35,0
9/16/2020,44,0
9/17/2020,51,28.6
9/18/2020,68,30.4
9/19/2020,55,0
9/20/2020,33,0
9/21/2020,25,0
9/22/2020,43,0
9/23/2020,52,0
9/24/2020,41,0
9/25/2020,39,0
9/26/2020,40,0
9/27/2020,49,13.8
9/28/2020,43,2.2
9/29/2020,40,0.4
9/30/2020,55,4
10/1/2020,53,0
10/2/2020,47,2.8
10/3/2020,45,0
10/4/2020,77,0.2
10/5/2020,68,7.4
10/6/2020,71,90.6
10/7/2020,204,147
10/8/2020,387,88.8
10/9/2020,224,7.2
10/10/2020,189,97.6
10/11/2020,402,122.8
10/12/2020,330,0.4
10/13/2020,209,0
10/14/2020,175,9.6
10/15/2020,182,17.2
10/16/2020,185,61.8
10/17/2020,269,59
10/18/2020,270,25
10/19/2020,218,13.4
10/20/2020,246,59.2
10/21/2020,263,28.4
10/22/2020,244,0
10/23/2020,189,0
10/24/2020,171,0
10/25/2020,153,0
10/26/2020,138,1
10/27/2020,170,44.8
10/28/2020,441,133.6
10/29/2020,388,0
10/30/2020,220,8
10/31/2020,285,22.2
11/1/2020,321,22.4
11/2/2020,239,0.2
11/3/2020,199,6.4
11/4/2020,180,13.6
11/5/2020,183,60.8
11/6/2020,305,210.2
11/7/2020,360,2.6
11/8/2020,265,0.2
11/9/2020,285,90.6
11/10/2020,434,102.4
11/11/2020,559,105.4
11/12/2020,510,24.8
11/13/2020,355,0
11/14/2020,286,0
11/15/2020,250,0.6
11/16/2020,201,8.2
11/17/2020,194,0.6
11/18/2020,180,0.8
11/19/2020,159,0
11/20/2020,153,0
11/21/2020,145,0
11/22/2020,134,0
11/23/2020,120,6.2
11/24/2020,123,5.4
11/25/2020,128,1.2
11/26/2020,125,11.4
11/27/2020,122,4
11/28/2020,186,25
11/29/2020,343,23.4
11/30/2020,518,44.4
12/1/2020,531,18.3
12/2/2020,398,4
12/3/2020,315,1.4
12/4/2020,260,0.4
12/5/2020,231,4
12/6/2020,209,0.2
12/7/2020,193,3.4
12/8/2020,185,8.4
12/9/2020,168,0
12/10/2020,148,0
12/11/2020,138,3.2
12/12/2020,136,2
12/13/2020,133,1.4
12/14/2020,128,14.2
12/15/2020,138,16.6
12/16/2020,156,2.2
12/17/2020,191,5.4
12/18/2020,194,20
12/19/2020,197,14
12/20/2020,204,9.8
12/21/2020,180,18.6
12/22/2020,163,0.6
12/23/2020,140,0
12/24/2020,130,2.8
12/25/2020,134,6.2
12/26/2020,140,0.8
12/27/2020,128,0
12/28/2020,119,0
12/29/2020,110,0
12/30/2020,99,9.2
12/31/2020,99,2.8
1/1/2021,96,0.4
1/2/2021,88,2
1/3/2021,86,0
1/4/2021,73,5.8
1/5/2021,95,1.2
1/6/2021,97,9.8
1/7/2021,103,1.6
1/8/2021,97,16.8
1/9/2021,119,18.6
1/10/2021,114,0.4
1/11/2021,94,0
1/12/2021,82,0
1/13/2021,83,0
1/14/2021,75,0
1/15/2021,68,0
1/16/2021,68,0
1/17/2021,66,6.4
1/18/2021,63,0
1/19/2021,64,0
1/20/2021,58,0
1/21/2021,62,0
1/22/2021,60,0
1/23/2021,66,0
1/24/2021,62,0
1/25/2021,49,0
1/26/2021,59,0.2
1/27/2021,55,0.2
1/28/2021,54,0.4
1/29/2021,55,4.2
1/30/2021,60,3.2
1/31/2021,55,0.8
2/1/2021,39,0
2/2/2021,51,0
2/3/2021,46,1.8
2/4/2021,45,0.6
2/5/2021,43,1.2
2/6/2021,40,0
2/7/2021,40,0
2/8/2021,28,1
2/9/2021,43,9.8
2/10/2021,46,2.6
2/11/2021,50,0
2/12/2021,39,0
2/13/2021,34,0
2/14/2021,28,0
2/15/2021,11,0
2/16/2021,14,0
2/17/2021,21,0
2/18/2021,19,0.4
2/19/2021,23,0
2/20/2021,25,0
2/21/2021,23,0
2/22/2021,9,0
2/23/2021,6,0
2/24/2021,16,0
2/25/2021,20,0
2/26/2021,25,0
2/27/2021,25,0
2/28/2021,16,0
3/1/2021,9,0
3/2/2021,13,0
3/3/2021,22,0
3/4/2021,24,0
3/5/2021,25,0
3/6/2021,20,0
3/7/2021,21,0
3/8/2021,15,0
3/9/2021,22,0
3/10/2021,25,0
3/11/2021,26,0
3/12/2021,22,0
3/13/2021,7,0
3/14/2021,3,0
3/15/2021,4,0
3/16/2021,3,0
3/17/2021,8,0
3/18/2021,8,0
3/19/2021,4,0
3/20/2021,5,0
3/21/2021,13,0
3/22/2021,17,6
3/23/2021,28,11
3/24/2021,37,2.8
3/25/2021,25,1.4
3/26/2021,18,0.8
3/27/2021,15,0.4
3/28/2021,13,0.4
3/29/2021,6,0.2
3/30/2021,3,0
3/31/2021,10,0
4/1/2021,16,0
4/2/2021,14,0
4/3/2021,16,0
4/4/2021,16,0
4/5/2021,12,0
4/6/2021,13,0
4/7/2021,22,2
4/8/2021,22,0.6
4/9/2021,20,0.2
4/10/2021,21,0.2
4/11/2021,25,0.2
4/12/2021,18,0
4/13/2021,21,0.2
4/14/2021,22,0
4/15/2021,28,0
4/16/2021,30,0
4/17/2021,30,0
4/18/2021,27,0
4/19/2021,24,0
4/20/2021,38,0.6
4/21/2021,53,0
4/22/2021,43,0
4/23/2021,41,0
4/24/2021,40,0
4/25/2021,36,0
4/26/2021,33,0
4/27/2021,37,0
4/28/2021,37,0
4/29/2021,34,0
4/30/2021,34,0
5/1/2021,28,0
5/2/2021,25,0
5/3/2021,21,0
5/4/2021,41,0
5/5/2021,41,0
5/6/2021,24,1.8
5/7/2021,15,0
5/8/2021,19,0
5/9/2021,24,0
5/10/2021,11,0
5/11/2021,21,0
5/12/2021,24,0
5/13/2021,23,0
5/14/2021,25,0
5/15/2021,16,0
5/16/2021,14,0
5/17/2021,3,0
5/18/2021,15,0
5/19/2021,18,0
5/20/2021,19,0
5/21/2021,11,0
5/22/2021,13,0
5/23/2021,17,0
5/24/2021,10,4.8
5/25/2021,29,0
5/26/2021,25,0
5/27/2021,10,0
5/28/2021,14,0
5/29/2021,19,0
5/30/2021,18,0
5/31/2021,11,0
6/1/2021,20,0
6/2/2021,28,0
6/3/2021,22,0
6/4/2021,19,1.2
6/5/2021,15,18.6
6/6/2021,20,8.4
6/7/2021,2,9.8
6/8/2021,14,0
6/9/2021,19,0
6/10/2021,20,0
6/11/2021,17,0
6/12/2021,27,14.4
6/13/2021,16,0
6/14/2021,5,0
6/15/2021,12,0
6/16/2021,11,0
6/17/2021,9,3.2
6/18/2021,10,0
6/19/2021,10,0
6/20/2021,11,0
6/21/2021,1,0
6/22/2021,4,0
6/23/2021,31,0
6/24/2021,29,0
6/25/2021,28,3
6/26/2021,37,0
6/27/2021,19,0
6/28/2021,13,0
6/29/2021,17,0
6/30/2021,13,0
7/1/2021,2,0
7/2/2021,-9,0
7/3/2021,6,0
7/4/2021,4,0
7/5/2021,4,0
7/6/2021,7,9.2
7/7/2021,15,0
7/8/2021,10,0
7/9/2021,8,5.4
7/10/2021,12,0.4
7/11/2021,12,0
7/12/2021,6,0.4
7/13/2021,5,0
7/14/2021,4,0
7/15/2021,-1,0
7/16/2021,-1,1.6
7/17/2021,11,0
7/18/2021,12,13.4
7/19/2021,16,1
7/20/2021,18,0
7/21/2021,19,0
7/22/2021,20,0
7/23/2021,25,0
7/24/2021,26,0.2
7/25/2021,19,0
7/26/2021,14,0
7/27/2021,10,0
7/28/2021,6,0
7/29/2021,4,0
7/30/2021,1,0
7/31/2021,6,0
8/1/2021,4,0
8/2/2021,1,1
8/3/2021,-2,0
8/4/2021,-3,0
8/5/2021,1,0
8/6/2021,3,0
8/7/2021,6,0
8/8/2021,2,0
8/9/2021,-1,0
8/10/2021,4,0
8/11/2021,5,0
8/12/2021,5,9.8
8/13/2021,3,0
8/14/2021,6,5
8/15/2021,7,0
8/16/2021,8,1.8
8/17/2021,12,0
8/18/2021,14,0
8/19/2021,16,0
8/20/2021,17,0
8/21/2021,18,0
8/22/2021,16,0
8/23/2021,15,0
8/24/2021,12,0
8/25/2021,5,0
8/26/2021,4,0
8/27/2021,15,4.8
8/28/2021,19,0.2
8/29/2021,17,13.6
8/30/2021,18,31.6
8/31/2021,24,8.8
9/1/2021,23,0
9/2/2021,36,7.8
9/3/2021,35,0.2
9/4/2021,28,0.2
9/5/2021,50,3.2
9/6/2021,40,38.2
9/7/2021,28,82.4
9/8/2021,33,0
9/9/2021,34,8
9/10/2021,56,4.4
9/11/2021,121,330.8
9/12/2021,372,248
9/13/2021,186,7
9/14/2021,119,18.6
9/15/2021,89,0
9/16/2021,71,0
9/17/2021,73,0
9/18/2021,68,0
9/19/2021,71,4.8
9/20/2021,72,8.2
9/21/2021,67,9.4
9/22/2021,97,0
9/23/2021,120,181.8
9/24/2021,332,9.6
9/25/2021,163,0.8
9/26/2021,128,0
9/27/2021,94,0
9/28/2021,83,0
9/29/2021,82,0
9/30/2021,73,0
10/1/2021,72,0
10/2/2021,73,0
10/3/2021,71,8.4
10/4/2021,68,5.6
10/5/2021,72,3.8
10/6/2021,88,67.2
10/7/2021,233,345.6
10/8/2021,239,58.4
10/9/2021,162,0
10/10/2021,122,0
10/11/2021,102,0
10/12/2021,101,1.2
10/13/2021,99,0
10/14/2021,94,0
10/15/2021,89,0.2
10/16/2021,96,17.2
10/17/2021,336,74.6
10/18/2021,229,20.6
10/19/2021,165,12.6
10/20/2021,161,1.2
10/21/2021,173,0
10/22/2021,173,6.2
10/23/2021,402,577.6
10/24/2021,490,170.6
10/25/2021,418,0.2
10/26/2021,322,8.2
10/27/2021,392,102
10/28/2021,380,20.4
10/29/2021,290,8.6
10/30/2021,263,69.8
10/31/2021,235,18
11/1/2021,185,8.4
11/2/2021,159,4
11/3/2021,149,1
11/4/2021,145,3.6
11/5/2021,133,0
11/6/2021,126,0
11/7/2021,148,0
11/8/2021,203,151.4
11/9/2021,409,5
11/10/2021,282,20.6
11/11/2021,227,2.8
11/12/2021,182,10.6
11/13/2021,255,92.2
11/14/2021,287,80.2
11/15/2021,290,88
11/16/2021,288,5.6
11/17/2021,321,10
11/18/2021,366,9
11/19/2021,296,0.2
11/20/2021,237,0.2
11/21/2021,213,0
11/22/2021,194,52.2
11/23/2021,213,5.6
11/24/2021,222,21.6
11/25/2021,235,21.8
11/26/2021,201,0
11/27/2021,203,25.2
11/28/2021,368,65.8
11/29/2021,560,33.4
11/30/2021,512,23.6
12/1/2021,371,0
12/2/2021,284,1
12/3/2021,250,0.2
12/4/2021,217,0
12/5/2021,205,2
12/6/2021,186,1
12/7/2021,171,0
12/8/2021,158,0.6
12/9/2021,154,6.8
12/10/2021,147,0.8
12/11/2021,131,0.4
12/12/2021,125,12.2
12/13/2021,133,1
12/14/2021,130,0.2
12/15/2021,126,3.2
12/16/2021,120,0.2
12/17/2021,115,3.6
12/18/2021,125,5.8
12/19/2021,151,108.8
12/20/2021,163,2.8
12/21/2021,121,0
12/22/2021,115,0
12/23/2021,104,0
12/24/2021,97,0
12/25/2021,94,12.4
12/26/2021,176,13.2
12/27/2021,321,165
12/28/2021,481,23.4
12/29/2021,318,0.2
12/30/2021,242,0
12/31/2021,204,0
1/1/2022,179,2.8
1/2/2022,182,11
1/3/2022,206,0.8
1/4/2022,187,0.2
1/5/2022,160,4
1/6/2022,145,3
1/7/2022,131,0
1/8/2022,129,33
1/9/2022,136,42.6
1/10/2022,133,16.4
1/11/2022,118,0
1/12/2022,109,10.2
1/13/2022,107,1.2
1/14/2022,103,0
1/15/2022,97,0
1/16/2022,93,0
1/17/2022,89,3.8
1/18/2022,92,4.6
1/19/2022,99,14.8
1/20/2022,101,1.4
1/21/2022,97,0.6
1/22/2022,92,0
1/23/2022,91,0
1/24/2022,77,0
1/25/2022,73,2.4
1/26/2022,74,0
1/27/2022,72,0
1/28/2022,71,0
1/29/2022,76,0
1/30/2022,79,5.8
1/31/2022,77,44.4
2/1/2022,76,1.6
2/2/2022,71,0
2/3/2022,63,0
2/4/2022,61,0.2
2/5/2022,64,15.2
2/6/2022,69,5.4
2/7/2022,67,0.4
2/8/2022,65,0
2/9/2022,73,10.8
2/10/2022,84,0
2/11/2022,79,0
2/12/2022,67,0
2/13/2022,77,8.2
2/14/2022,66,0
2/15/2022,81,0
2/16/2022,82,3.8
2/17/2022,86,0
2/18/2022,90,0.2
2/19/2022,93,0
2/20/2022,85,0.8
2/21/2022,76,0
2/22/2022,77,0
2/23/2022,65,0
2/24/2022,65,0
2/25/2022,63,0
2/26/2022,63,0.4
2/27/2022,74,1.6
2/28/2022,63,0
3/1/2022,65,0
3/2/2022,63,0
3/3/2022,59,0
3/4/2022,48,0
3/5/2022,54,0
3/6/2022,59,0
3/7/2022,44,0
3/8/2022,56,1.6
3/9/2022,54,0
3/10/2022,55,0
3/11/2022,56,0
3/12/2022,54,0
3/13/2022,52,0
3/14/2022,40,0
3/15/2022,39,0
3/16/2022,42,0
3/17/2022,43,0
3/18/2022,47,0
3/19/2022,50,0
3/20/2022,34,0
3/21/2022,30,0
3/22/2022,46,0
3/23/2022,54,0
3/24/2022,62,0.2
3/25/2022,63,0
3/26/2022,55,0
3/27/2022,54,0
3/28/2022,43,0
3/29/2022,51,13
3/30/2022,57,7
3/31/2022,88,213.2
4/1/2022,207,107.8
4/2/2022,137,3.8
4/3/2022,90,26.2
4/4/2022,64,0
4/5/2022,71,1.2
4/6/2022,72,0
4/7/2022,71,0
4/8/2022,69,0
4/9/2022,69,0
4/10/2022,71,0
4/11/2022,57,0
4/12/2022,65,0
4/13/2022,67,0
4/14/2022,75,0
4/15/2022,76,0
4/16/2022,77,0
4/17/2022,80,0
4/18/2022,54,0
4/19/2022,57,0
4/20/2022,67,0
4/21/2022,73,0
4/22/2022,73,0
4/23/2022,72,0
4/24/2022,76,0
4/25/2022,60,0
4/26/2022,70,0
4/27/2022,67,0
4/28/2022,66,0
4/29/2022,67,1.2
4/30/2022,65,12
5/1/2022,63,3.2
5/2/2022,74,16.2
5/3/2022,76,0
5/4/2022,79,0
5/5/2022,75,0
5/6/2022,73,0.2
5/7/2022,63,0
5/8/2022,63,6.6
5/9/2022,57,0
5/10/2022,60,0
5/11/2022,58,0
5/12/2022,55,0
5/13/2022,52,0.6
5/14/2022,45,0
5/15/2022,48,29
5/16/2022,52,1.2
5/17/2022,86,8
5/18/2022,91,0
5/19/2022,104,1.2
5/20/2022,104,0
5/21/2022,144,0
5/22/2022,107,0
5/23/2022,66,0.2
5/24/2022,64,12
5/25/2022,68,0
5/26/2022,66,0
5/27/2022,62,0
5/28/2022,66,0.8
5/29/2022,76,0
5/30/2022,60,0
5/31/2022,69,0
6/1/2022,69,0
6/2/2022,86,0
6/3/2022,76,0
6/4/2022,58,0
6/5/2022,58,0
6/6/2022,43,0
6/7/2022,56,4
6/8/2022,62,6.4
6/9/2022,76,1.4
6/10/2022,70,0.6
6/11/2022,72,0
6/12/2022,79,0
6/13/2022,57,0
6/14/2022,72,0
6/15/2022,73,0
6/16/2022,79,0
6/17/2022,80,0
6/18/2022,76,0
6/19/2022,71,0
6/20/2022,62,0
6/21/2022,61,0
6/22/2022,60,0
6/23/2022,59,0
6/24/2022,58,0
6/25/2022,74,0
6/26/2022,72,0
6/27/2022,65,0
6/28/2022,74,0
6/29/2022,73,0
6/30/2022,73,0.4
7/1/2022,90,0.2
7/2/2022,83,0.6
7/3/2022,71,0
7/4/2022,66,0
7/5/2022,66,0
7/6/2022,64,0
7/7/2022,75,0
7/8/2022,70,0
7/9/2022,75,3
7/10/2022,113,0
7/11/2022,76,0
7/12/2022,91,0.4
7/13/2022,126,22.4
7/14/2022,111,0.4
7/15/2022,118,0
7/16/2022,111,0
7/17/2022,106,0.4
7/18/2022,81,23.6
7/19/2022,89,0
7/20/2022,70,2.8
7/21/2022,71,0
7/22/2022,66,0
7/23/2022,61,0
7/24/2022,63,0
7/25/2022,48,0
7/26/2022,61,0
7/27/2022,66,0
7/28/2022,66,0
7/29/2022,69,0
7/30/2022,69,0
7/31/2022,83,0.4
8/1/2022,98,0
8/2/2022,85,0
8/3/2022,89,50.4
8/4/2022,87,0
8/5/2022,77,0
8/6/2022,100,5
8/7/2022,81,0
8/8/2022,121,70.2
8/9/2022,135,1.4
8/10/2022,106,0
8/11/2022,96,2.2
8/12/2022,79,0
8/13/2022,77,1
8/14/2022,79,0
8/15/2022,76,0
8/16/2022,83,0
8/17/2022,82,0
8/18/2022,66,0
8/19/2022,64,42.2
8/20/2022,80,0.6
8/21/2022,63,0
8/22/2022,57,0
8/23/2022,67,0
8/24/2022,83,0
8/25/2022,81,11.8
8/26/2022,75,0
8/27/2022,68,0
8/28/2022,66,0
8/29/2022,67,0
8/30/2022,70,0
8/31/2022,67,0
9/1/2022,64,0
9/2/2022,68,0
9/3/2022,66,0
9/4/2022,76,0.8
9/5/2022,87,0
9/6/2022,94,0.6
9/7/2022,114,136.8
9/8/2022,138,0
9/9/2022,103,2.2
9/10/2022,85,2.4
9/11/2022,90,0
9/12/2022,85,0
9/13/2022,121,0
9/14/2022,110,11.6
9/15/2022,125,0
9/16/2022,137,0
9/17/2022,121,0
9/18/2022,110,0
9/19/2022,112,0
9/20/2022,113,12
9/21/2022,126,8
9/22/2022,112,12.2
9/23/2022,144,18
9/24/2022,165,1.2
9/25/2022,131,0.8
9/26/2022,123,6.4
9/27/2022,151,84
9/28/2022,255,58.8
9/29/2022,172,0
9/30/2022,137,0.4
10/1/2022,115,25.6
10/2/2022,127,37.2
10/3/2022,118,2.2
10/4/2022,118,40.8
10/5/2022,117,1.4
10/6/2022,111,9
10/7/2022,116,9.8
10/8/2022,111,0
10/9/2022,106,6.4
10/10/2022,284,124.6
10/11/2022,545,248
10/12/2022,423,4
10/13/2022,346,5.4
10/14/2022,288,69.2
10/15/2022,339,56
10/16/2022,233,34
10/17/2022,217,0
10/18/2022,182,0
10/19/2022,171,0
10/20/2022,159,0
10/21/2022,139,0
10/22/2022,130,0
10/23/2022,127,1.6
10/24/2022,109,2.4
10/25/2022,123,58.8
10/26/2022,305,78.6
10/27/2022,304,0.4
10/28/2022,216,0
10/29/2022,179,10
10/30/2022,178,1.8
10/31/2022,159,0
11/1/2022,144,0
11/2/2022,137,0
11/3/2022,129,0
11/4/2022,114,0
11/5/2022,107,0
11/6/2022,106,4
11/7/2022,98,1.8
11/8/2022,101,0
11/9/2022,98,0.4
11/10/2022,96,4
11/11/2022,96,0.6
11/12/2022,93,3
11/13/2022,112,3
11/14/2022,111,2.4
11/15/2022,114,2
11/16/2022,107,10
11/17/2022,93,2
11/18/2022,88,1.6
11/19/2022,91,46
11/20/2022,203,47.6
11/21/2022,263,50.6
11/22/2022,170,3.8
11/23/2022,141,25.6
11/24/2022,134,18.6
11/25/2022,117,1.6
11/26/2022,113,35.6
11/27/2022,104,0.4
11/28/2022,92,0.2
11/29/2022,96,0
11/30/2022,90,0
12/1/2022,90,1.4
12/2/2022,112,13.6
12/3/2022,219,4.2
12/4/2022,174,19.4
12/5/2022,213,19.2
12/6/2022,372,86.4
12/7/2022,269,8.2
12/8/2022,275,14.6
12/9/2022,262,1.8
12/10/2022,212,4.4
12/11/2022,195,5
12/12/2022,175,10.6
12/13/2022,163,9.6
12/14/2022,143,0
12/15/2022,131,0
12/16/2022,124,0.4
12/17/2022,130,45.4
12/18/2022,166,19.6
12/19/2022,154,5.6
12/20/2022,133,0.4
12/21/2022,120,10
12/22/2022,119,0.4
12/23/2022,112,1
12/24/2022,106,0.2
12/25/2022,105,2.8
12/26/2022,98,2.6
12/27/2022,98,1
12/28/2022,96,8.6
12/29/2022,107,21.8
12/30/2022,153,17.2
12/31/2022,148,0
